images,name,url,webshop,price,image_urls,desc
,,,Hardware.info,,,
"[{'url': 'http://content.hwigroup.net/images/products/micro_thumbs/188382.jpg', 'path': 'full/6074561ebcb29f21c4b0af2a933dc55f5a64bd77.jpg', 'checksum': '9de5bd06ea66f0b3cb26a141e76d0c62'}]",Corsair Carbide 330R,/productinfo/188382/corsair-carbide-330r,Hardware.info,"€ 85,96",http://content.hwigroup.net/images/products/micro_thumbs/188382.jpg,"Miditower, Extended ATX, Zwart, 2 fans"
"[{'url': 'http://content.hwigroup.net/images/products/micro_thumbs/158865.jpg', 'path': 'full/cf990dab74ccbdf6d7fa9ac28a217fdd0437c622.jpg', 'checksum': 'cd19f63bda3787d7a94c022ac1ed1294'}]",Fractal Design Define R4 Black Pearl,/productinfo/158865/fractal-design-define-r4-black-pearl,Hardware.info,"€ 103,05",http://content.hwigroup.net/images/products/micro_thumbs/158865.jpg,"Miditower, ATX, Zwart, 2 fans"
"[{'url': 'http://content.hwigroup.net/images/products/micro_thumbs/195092.jpg', 'path': 'full/3f24c468f02a9ee7af91da5006e005f23ae92635.jpg', 'checksum': 'eb43b673af790ecddaefc71788ff8e22'}]",Cooler Master CM 690 III Black,/productinfo/195092/cooler-master-cm-690-iii-black,Hardware.info,"€ 84,15",http://content.hwigroup.net/images/products/micro_thumbs/195092.jpg,"Miditower, ATX, Zwart, 2 fans"
"[{'url': 'http://content.hwigroup.net/images/products/micro_thumbs/162726.jpg', 'path': 'full/e5f0b66aebc1e3deb1c0a64d7075fd2878fa2779.jpg', 'checksum': '5b80700c34ec5e7f23f34650305b8b5f'}]",Fractal Design Node 304 Black,/productinfo/162726/fractal-design-node-304-black,Hardware.info,"€ 77,15",http://content.hwigroup.net/images/products/micro_thumbs/162726.jpg,"Cube, Mini ITX, Zwart/Wit, 3 fans"
"[{'url': 'http://content.hwigroup.net/images/products/micro_thumbs/232406.jpg', 'path': 'full/44df77a38c8772642183ef72d8ca6c1ae1f4cb57.jpg', 'checksum': 'f10ba07a3e8b07fc8d67589123624916'}]",NZXT Phantom 240 White,/productinfo/232406/nzxt-phantom-240-white,Hardware.info,"€ 75,17",http://content.hwigroup.net/images/products/micro_thumbs/232406.jpg,"Miditower, ATX, Wit, Venster, 2 fans"
"[{'url': 'http://content.hwigroup.net/images/products/micro_thumbs/195093.jpg', 'path': 'full/64633596575f0d908a08f1d08bc620c4cfacd9bd.jpg', 'checksum': 'e672869a1b288c1badef4dd3d759f545'}]",Cooler Master CM 690 III Window Black,/productinfo/195093/cooler-master-cm-690-iii-window-black,Hardware.info,"€ 89,10",http://content.hwigroup.net/images/products/micro_thumbs/195093.jpg,"Miditower, ATX, Zwart, Venster"
"[{'url': 'http://content.hwigroup.net/images/products/micro_thumbs/207675.jpg', 'path': 'full/840ab273f3cf1c33cc71320b28862c4f38426f31.jpg', 'checksum': '6bbd3914eba4f6bc9f96e515a8a68491'}]",Corsair Obsidian 450D,/productinfo/207675/corsair-obsidian-450d,Hardware.info,"€ 113,08",http://content.hwigroup.net/images/products/micro_thumbs/207675.jpg,"Miditower, ATX, Zwart, Venster, 3 fans"
"[{'url': 'http://content.hwigroup.net/images/products/micro_thumbs/185651.jpg', 'path': 'full/9f79c744da7585d0dcb1f39a985ab34ffdb5b274.jpg', 'checksum': 'f87e9963665e17eda4e1e4741db6b31f'}]",Cooler Master N300,/productinfo/185651/cooler-master-n300,Hardware.info,"€ 37,77",http://content.hwigroup.net/images/products/micro_thumbs/185651.jpg,"Miditower, ATX, Zwart, 2 fans"
"[{'url': 'http://content.hwigroup.net/images/products/micro_thumbs/185573.jpg', 'path': 'full/2c5980488535c5e48f8ff58ca3a4fc96256f1543.jpg', 'checksum': 'cdd35a4a621b08c489eca722b1b3acca'}]",Cooler Master N200,/productinfo/185573/cooler-master-n200,Hardware.info,"€ 38,19",http://content.hwigroup.net/images/products/micro_thumbs/185573.jpg,"Minitower, Micro ATX, Zwart, 2 fans"
"[{'url': 'http://content.hwigroup.net/images/products/micro_thumbs/121477.jpg', 'path': 'full/548322d3eb153906cde3d309ecc836af8532faf1.jpg', 'checksum': '0bdccf46e4b55042b9e8900c9c96d02b'}]",Cooler Master Silencio 550 Black,/productinfo/121477/cooler-master-silencio-550-black,Hardware.info,"€ 75,86",http://content.hwigroup.net/images/products/micro_thumbs/121477.jpg,"Tower, ATX, Zwart, 2 fans"
"[{'url': 'http://content.hwigroup.net/images/products/micro_thumbs/197840.jpg', 'path': 'full/993b7b907f884c007d5f5b1ad9e35b5ee434ba67.jpg', 'checksum': '66fd67bda68660e92be7261e27b31b50'}]",Corsair Obsidian 750D,/productinfo/197840/corsair-obsidian-750d,Hardware.info,"€ 148,40",http://content.hwigroup.net/images/products/micro_thumbs/197840.jpg,"Fulltower, Extended ATX, Zwart, Venster, 3 fans"
"[{'url': 'http://content.hwigroup.net/images/products/micro_thumbs/137032.jpg', 'path': 'full/cb048aabd052131c65f8eaf76b69d2fd12b2c708.jpg', 'checksum': '49ff894b18b012335f9846ea4350c842'}]",Corsair Carbide 300R,/productinfo/137032/corsair-carbide-300r,Hardware.info,"€ 74,32",http://content.hwigroup.net/images/products/micro_thumbs/137032.jpg,"Miditower, ATX, Zwart, 2 fans"
"[{'url': 'http://content.hwigroup.net/images/products/micro_thumbs/217301.jpg', 'path': 'full/f9bc100deaf4014f13bb38b807afb00a129884da.jpg', 'checksum': 'e902cdb755d24f906eeb3594dbd34f0f'}]",Aerocool DS 200 Green,/productinfo/217301/aerocool-ds-200-green,Hardware.info,"€ 111,35",http://content.hwigroup.net/images/products/micro_thumbs/217301.jpg,"Miditower, ATX, Zwart/Groen, 2 fans"
"[{'url': 'http://content.hwigroup.net/images/products/micro_thumbs/131477.jpg', 'path': 'full/0df19b2c639a7c2c386324d042739df11b126fa8.jpg', 'checksum': 'a66c205b50774b421999664fff7ab9d7'}]",Cooler Master CM 690 II Advanced (USB 3.0),/productinfo/131477/cooler-master-cm-690-ii-advanced-usb-30,Hardware.info,"€ 100,76",http://content.hwigroup.net/images/products/micro_thumbs/131477.jpg,"Miditower, ATX, Zwart, 3 fans"
"[{'url': 'http://content.hwigroup.net/images/products/micro_thumbs/210661.jpg', 'path': 'full/bcc830ebd210fdf88b50cf26d79921ed05cc40ef.jpg', 'checksum': 'be7ff35f396f198e70b3fa4a33e12a11'}]",Corsair Graphite 760T White,/productinfo/210661/corsair-graphite-760t-white,Hardware.info,"€ 184,96",http://content.hwigroup.net/images/products/micro_thumbs/210661.jpg,"Fulltower, Extended ATX, Wit, Venster, 3 fans"
"[{'url': 'http://content.hwigroup.net/images/products/micro_thumbs/205339.jpg', 'path': 'full/974b299046c789b7205487ea505a305a5eecc9e2.jpg', 'checksum': 'a664ceed0dd1e64039b033aae6d1e862'}]",Corsair Obsidian 250D,/productinfo/205339/corsair-obsidian-250d,Hardware.info,"€ 85,54",http://content.hwigroup.net/images/products/micro_thumbs/205339.jpg,"Cube, Mini ITX, Zwart, Venster, 2 fans"
"[{'url': 'http://content.hwigroup.net/images/products/micro_thumbs/153771.jpg', 'path': 'full/94a2ca8a6917b402b3c64d395f67d69fac8857bf.jpg', 'checksum': 'a0e2476cec0fc868c4c4239653a6759a'}]",Zalman Z11 Plus,/productinfo/153771/zalman-z11-plus,Hardware.info,"€ 66,34",http://content.hwigroup.net/images/products/micro_thumbs/153771.jpg,"Miditower, ATX, Zwart, Venster, 5 fans"
"[{'url': 'http://content.hwigroup.net/images/products/micro_thumbs/188383.jpg', 'path': 'full/1352677b86a6b3181daf747bdf2fb1f1ced61651.jpg', 'checksum': '9bef064d34402f6a2413e4601ec143bf'}]",Corsair Carbide Air 540 Black,/productinfo/188383/corsair-carbide-air-540-black,Hardware.info,"€ 127,84",http://content.hwigroup.net/images/products/micro_thumbs/188383.jpg,"Miditower, Extended ATX, Zwart, Venster, 3 fans"
"[{'url': 'http://content.hwigroup.net/images/products/micro_thumbs/195094.jpg', 'path': 'full/9f5bcd0adbb2bcccf0f26c16dcfb3d25bf801d02.jpg', 'checksum': 'f061e7444e4e20aff1f80ad4a6c932f6'}]",Cooler Master Elite 130,/productinfo/195094/cooler-master-elite-130,Hardware.info,"€ 44,69",http://content.hwigroup.net/images/products/micro_thumbs/195094.jpg,"Cube, Mini ITX, Zwart, 2 fans"
"[{'url': 'http://content.hwigroup.net/images/products/micro_thumbs/164687.jpg', 'path': 'full/95043c98be7f85b193c06a87d984ca2ef2e422f0.jpg', 'checksum': 'af3517ced5e8c7a8f5c702b6aebdb4e6'}]",Cooler Master K380,/productinfo/164687/cooler-master-k380,Hardware.info,"€ 42,37",http://content.hwigroup.net/images/products/micro_thumbs/164687.jpg,"Miditower, ATX, Zwart, Venster, 1 fans"
"[{'url': 'http://content.hwigroup.net/images/products/micro_thumbs/123863.jpg', 'path': 'full/ca7f6accc8abc41e5ede5f4e6c0f36646c023ac8.jpg', 'checksum': '39435951a9156b0fadddb9eae5c1ca66'}]",Fractal Design Core 1000,/productinfo/123863/fractal-design-core-1000,Hardware.info,"€ 36,83",http://content.hwigroup.net/images/products/micro_thumbs/123863.jpg,"Minitower, Micro ATX, Zwart, 1 fans, 0 W"
"[{'url': 'http://content.hwigroup.net/images/products/micro_thumbs/157188.jpg', 'path': 'full/1705a21202683d2c3fce3f3f502fa1f6dfcf274b.jpg', 'checksum': 'df5286fad9468d239170dbb11227135b'}]",Cooler Master Elite 120 Advanced,/productinfo/157188/cooler-master-elite-120-advanced,Hardware.info,"€ 45,36",http://content.hwigroup.net/images/products/micro_thumbs/157188.jpg,"Cube, Mini ITX, Zwart/Grijs, 2 fans"
"[{'url': 'http://content.hwigroup.net/images/products/micro_thumbs/164854.jpg', 'path': 'full/aa8983115f7eb66347c44322e293acc8c33eea90.jpg', 'checksum': '88ec02e91ad12baa0daf3688f3b13664'}]",Aerocool XPredator X3 Evil Black Edition,/productinfo/164854/aerocool-xpredator-x3-evil-black-edition,Hardware.info,"€ 91,98",http://content.hwigroup.net/images/products/micro_thumbs/164854.jpg,"Miditower, ATX, Zwart/Oranje, Venster, 2 fans"
"[{'url': 'http://content.hwigroup.net/images/products/micro_thumbs/158148.jpg', 'path': 'full/1aa9585aeadad8208d04ffd7053c7b0a09915ed8.jpg', 'checksum': '123ab0d6256bc2987eef00159f519626'}]",SilverStone Sugo SST-SG07B 600W (USB 3.0),/productinfo/158148/silverstone-sugo-sst-sg07b-600w-usb-30,Hardware.info,"€ 183,15",http://content.hwigroup.net/images/products/micro_thumbs/158148.jpg,"Cube, Mini ITX, Zwart/Grijs, 1 fans, 600 W"
"[{'url': 'http://content.hwigroup.net/images/products/micro_thumbs/115635.jpg', 'path': 'full/a098ed3d5ed65dc47698fdacd3f0aaffcb3d423d.jpg', 'checksum': 'ffff966fba18a9791d7b78842528734a'}]",SilverStone Milo Slim HTPC,/productinfo/115635/silverstone-milo-slim-htpc,Hardware.info,"€ 69,24",http://content.hwigroup.net/images/products/micro_thumbs/115635.jpg,"HTPC, Micro ATX, Zwart, 0 fans"
"[{'url': 'http://content.hwigroup.net/images/products/micro_thumbs/119791.jpg', 'path': 'full/cd3ebb6cb28dbbe189c075718578ebf53eaa0c55.jpg', 'checksum': 'e5df3dcd116407490db5ff038df4b47f'}]",Zalman Z9 Plus,/productinfo/119791/zalman-z9-plus,Hardware.info,"€ 58,62",http://content.hwigroup.net/images/products/micro_thumbs/119791.jpg,"Miditower, ATX, Zwart, Venster, 4 fans"
"[{'url': 'http://content.hwigroup.net/images/products/micro_thumbs/174342.jpg', 'path': 'full/c94a6a59bee81538228a4a1567413bdbb697ed78.jpg', 'checksum': 'ac3bda2efad3ab132a70ebd4f40c3016'}]",Antec GX700,/productinfo/174342/antec-gx700,Hardware.info,"€ 59,83",http://content.hwigroup.net/images/products/micro_thumbs/174342.jpg,"Miditower, ATX, Zwart/Groen, 3 fans"
"[{'url': 'http://content.hwigroup.net/images/products/micro_thumbs/115221.jpg', 'path': 'full/e2cc450bb43f082fbc7af1d47cb1735e72a020a9.jpg', 'checksum': 'eec3cf1ad8d088daaf1918d74ca7b5e3'}]",Fractal Design Define Mini,/productinfo/115221/fractal-design-define-mini,Hardware.info,"€ 82,21",http://content.hwigroup.net/images/products/micro_thumbs/115221.jpg,"Tower, Micro ATX, Zwart, 2 fans"
"[{'url': 'http://content.hwigroup.net/images/products/micro_thumbs/195796.jpg', 'path': 'full/1b946ac71e800511bf1fc2425c4d1b8fec278465.jpg', 'checksum': 'ab7bcda5ad2a595bdff5497ef700fa2e'}]",Cooler Master Silencio 352,/productinfo/195796/cooler-master-silencio-352,Hardware.info,"€ 55,09",http://content.hwigroup.net/images/products/micro_thumbs/195796.jpg,"Minitower, Micro ATX, Zwart, 2 fans"
"[{'url': 'http://content.hwigroup.net/images/products/micro_thumbs/209822.jpg', 'path': 'full/6582bd9c8f0eb6af6eaa9d6469b93690965d93dd.jpg', 'checksum': 'e41f84ea467f2e2054d9e7522e1bb629'}]",Fractal Design Node 804,/productinfo/209822/fractal-design-node-804,Hardware.info,"€ 99,31",http://content.hwigroup.net/images/products/micro_thumbs/209822.jpg,"Cube, Micro ATX, Zwart, Venster, 3 fans"
"[{'url': 'http://content.hwigroup.net/images/products/micro_thumbs/200532.jpg', 'path': 'full/3a754eacfa92927b2129b70e44dafe5711d564b0.jpg', 'checksum': '1da607b585c76103ee6e3bb0a132e5be'}]",Antec Performance One P100 Black,/productinfo/200532/antec-performance-one-p100-black,Hardware.info,"€ 75,84",http://content.hwigroup.net/images/products/micro_thumbs/200532.jpg,"Miditower, ATX, Zwart, 2 fans"
"[{'url': 'http://content.hwigroup.net/images/products/micro_thumbs/232422.jpg', 'path': 'full/8bf17c92cd3971b1dfb4d7df386931902bb7a406.jpg', 'checksum': 'a584aa8443fda9f70054ea8d9ebdbe77'}]",Corsair Carbide Series Air 240 Black,/productinfo/232422/corsair-carbide-series-air-240-black,Hardware.info,"€ 91,39",http://content.hwigroup.net/images/products/micro_thumbs/232422.jpg,"Minitower, Micro ATX, Zwart, Venster, 3 fans"
"[{'url': 'http://content.hwigroup.net/images/products/micro_thumbs/202359.jpg', 'path': 'full/88d077530d07a1ff05e87808d0c545375c377f01.jpg', 'checksum': '3efe733aa744330669edb557feaa3bb5'}]",Phanteks Enthoo Primo,/productinfo/202359/phanteks-enthoo-primo,Hardware.info,"€ 222,73",http://content.hwigroup.net/images/products/micro_thumbs/202359.jpg,"Fulltower, Extended ATX, Zwart, Venster, 5 fans"
"[{'url': 'http://content.hwigroup.net/images/products/micro_thumbs/174249.jpg', 'path': 'full/9a99e7d5d4d363fd1efb9cf9c6a029a220c7e56e.jpg', 'checksum': 'ceebb145a9733a5ff6b5cd5e9fabb4aa'}]",Corsair Obsidian 900D,/productinfo/174249/corsair-obsidian-900d,Hardware.info,"€ 332,29",http://content.hwigroup.net/images/products/micro_thumbs/174249.jpg,"Fulltower, XL-ATX, Zwart, Venster, 4 fans"
"[{'url': 'http://content.hwigroup.net/images/products/micro_thumbs/209174.jpg', 'path': 'full/1bdbcaddb50ee8f89355146925d71c2d2c8b1d01.jpg', 'checksum': 'e3121d0b0719fde6682da1064aec3dc3'}]",In Win 901,/productinfo/209174/in-win-901,Hardware.info,"€ 155,00",http://content.hwigroup.net/images/products/micro_thumbs/209174.jpg,"Minitower, Mini ITX, Zwart/Zilver, Venster, 0 fans"
"[{'url': 'http://content.hwigroup.net/images/products/micro_thumbs/134024.jpg', 'path': 'full/df8d9445f52e27e766805c2b2d28329067324608.jpg', 'checksum': 'b6ff9183239f67cddb83a35dcb20af36'}]",Cooler Master Cosmos II Black,/productinfo/134024/cooler-master-cosmos-ii-black,Hardware.info,"€ 327,75",http://content.hwigroup.net/images/products/micro_thumbs/134024.jpg,"Fulltower, Extended ATX, Zwart, 5 fans, 0 W"
"[{'url': 'http://content.hwigroup.net/images/products/micro_thumbs/206740.jpg', 'path': 'full/11c552ec102417fd0b60bba6b5947d4ee498822b.jpg', 'checksum': 'af8a963bc6945bf32a4f17dcf59889c4'}]",NZXT H440 Black,/productinfo/206740/nzxt-h440-black,Hardware.info,"€ 107,83",http://content.hwigroup.net/images/products/micro_thumbs/206740.jpg,"Miditower, ATX, Zwart/Rood"
"[{'url': 'http://content.hwigroup.net/images/products/micro_thumbs/162517.jpg', 'path': 'full/a7fe99f97f805605e62cc260a3797ddf876e2042.jpg', 'checksum': '5081a8c846ebd4854317fa0ab1d062b4'}]",Bitfenix Ghost Black,/productinfo/162517/bitfenix-ghost-black,Hardware.info,"€ 84,56",http://content.hwigroup.net/images/products/micro_thumbs/162517.jpg,"Miditower, ATX, Zwart, 2 fans"
"[{'url': 'http://content.hwigroup.net/images/products/micro_thumbs/154359.jpg', 'path': 'full/7e41fb98d1a723e5c133d2292db86387149ef3a6.jpg', 'checksum': 'df5302469449b1a12bb8e4c1f8ae920a'}]",Cooler Master Storm Stryker,/productinfo/154359/cooler-master-storm-stryker,Hardware.info,"€ 146,72",http://content.hwigroup.net/images/products/micro_thumbs/154359.jpg,"Fulltower, XL-ATX, Zwart/Wit, Venster"
"[{'url': 'http://content.hwigroup.net/images/products/micro_thumbs/259817.jpg', 'path': 'full/23543a3a7847394d5a424d9020c4a534dfb445e7.jpg', 'checksum': '9256b658aad79cdd24cd4bccea44e2d8'}]",Aerocool Strike-X Cube Black,/productinfo/259817/aerocool-strike-x-cube-black,Hardware.info,"€ 82,51",http://content.hwigroup.net/images/products/micro_thumbs/259817.jpg,
"[{'url': 'http://content.hwigroup.net/images/products/micro_thumbs/207687.jpg', 'path': 'full/3fa46d0d541fa0040c412d922b66ee0c07003ff7.jpg', 'checksum': '9c9702fe90078e014bb621972863c19e'}]",Corsair Carbide Spec-01 Red Led,/productinfo/207687/corsair-carbide-spec-01-red-led,Hardware.info,"€ 50,07",http://content.hwigroup.net/images/products/micro_thumbs/207687.jpg,"Miditower, ATX, Zwart, Venster, 1 fans"
"[{'url': 'http://content.hwigroup.net/images/products/micro_thumbs/184567.jpg', 'path': 'full/8d0ba1802b3948dd97913a27339c627d67ac080b.jpg', 'checksum': '51387ddf7c4598980be542c4eca587a2'}]",Corsair Obsidian 350D Window,/productinfo/184567/corsair-obsidian-350d-window,Hardware.info,"€ 104,04",http://content.hwigroup.net/images/products/micro_thumbs/184567.jpg,"Miditower, Micro ATX, Zwart, Venster, 2 fans"
"[{'url': 'http://content.hwigroup.net/images/products/micro_thumbs/195735.jpg', 'path': 'full/e608106406672db9dddf5823294026acd8a1b1ec.jpg', 'checksum': '38a51e4c9f00155beb74cdeb2bb8d306'}]",Bitfenix Prodigy M Black,/productinfo/195735/bitfenix-prodigy-m-black,Hardware.info,"€ 70,42",http://content.hwigroup.net/images/products/micro_thumbs/195735.jpg,"Cube, Micro ATX, Zwart"
"[{'url': 'http://content.hwigroup.net/images/products/micro_thumbs/162985.jpg', 'path': 'full/110556901f4e0aa85d3215f27eb086f5183a47fb.jpg', 'checksum': 'd9d4e50791c003e1144cdaf52c8d5ccb'}]",Aerocool XPredator X1 Red Edition,/productinfo/162985/aerocool-xpredator-x1-red-edition,Hardware.info,"€ 51,87",http://content.hwigroup.net/images/products/micro_thumbs/162985.jpg,"Miditower, ATX, Zwart/Rood, Venster"
"[{'url': 'http://content.hwigroup.net/images/products/micro_thumbs/205051.jpg', 'path': 'full/d29cd417645a2285709a80f4a67c5cb3fb4c7a6e.jpg', 'checksum': 'fefaf68e42aa78db8bda82a81d60603c'}]",Cooler Master Silencio 452,/productinfo/205051/cooler-master-silencio-452,Hardware.info,"€ 64,39",http://content.hwigroup.net/images/products/micro_thumbs/205051.jpg,"Miditower, ATX, Zwart, 2 fans"
"[{'url': 'http://content.hwigroup.net/images/products/micro_thumbs/163836.jpg', 'path': 'full/1d1512d8b73ef8cf7bc23d2a93b3dd4140023913.jpg', 'checksum': '5b03cf64bc3d15d81fda60aa5c9af6be'}]",Corsair Carbide 200R,/productinfo/163836/corsair-carbide-200r,Hardware.info,"€ 57,78",http://content.hwigroup.net/images/products/micro_thumbs/163836.jpg,"Miditower, ATX, Zwart, 2 fans"
"[{'url': 'http://content.hwigroup.net/images/products/micro_thumbs/130354.jpg', 'path': 'full/88d37669eca27cb490ba7fc92fd807d0ba065b34.jpg', 'checksum': '02035a05b617ebe6edf65f321eb0b2ef'}]",CM Storm Trooper,/productinfo/130354/cm-storm-trooper,Hardware.info,"€ 135,07",http://content.hwigroup.net/images/products/micro_thumbs/130354.jpg,"Fulltower, XL-ATX, Zwart, 4 fans"
"[{'url': 'http://content.hwigroup.net/images/products/micro_thumbs/078896.jpg', 'path': 'full/edd2e9755b4b757f7dc724320cff54ab0c760049.jpg', 'checksum': '5b5593efaef962e86ab10b832e5b4de2'}]",Cooler Master Elite 342 Black,/productinfo/78896/cooler-master-elite-342-black,Hardware.info,"€ 28,79",http://content.hwigroup.net/images/products/micro_thumbs/078896.jpg,"Minitower, Micro ATX, Zwart, 1 fans, 0 W"
"[{'url': 'http://content.hwigroup.net/images/products/micro_thumbs/078381.jpg', 'path': 'full/43238965ab59c5e331d6cbfec1496e4a75a8d0e7.jpg', 'checksum': '5c1cc934c330abd8bbd01fd1a8db6c74'}]",Cooler Master Test Bench V1.0,/productinfo/78381/cooler-master-test-bench-v10,Hardware.info,"€ 86,07",http://content.hwigroup.net/images/products/micro_thumbs/078381.jpg,"Miditower, ATX, Zwart, 0 fans, 0 W"
"[{'url': 'http://content.hwigroup.net/images/products/micro_thumbs/156852.jpg', 'path': 'full/dfb02b48f722137ed1d61a68805938620538292d.jpg', 'checksum': '450939905f78e9885139f6d23763641b'}]",Enermax Ostrog Black/White,/productinfo/156852/enermax-ostrog-blackwhite,Hardware.info,"€ 50,21",http://content.hwigroup.net/images/products/micro_thumbs/156852.jpg,"Miditower, ATX, Zwart/Wit, 1 fans"
,,,Hardware.info,,,
"[{'url': 'http://content.hwigroup.net/images/products/micro_thumbs/195369.jpg', 'path': 'full/9570cc9c795abf6142b67aff3a7ee178ff6133ce.jpg', 'checksum': 'faece0c0996e348fa91508c0a496b46e'}]",Cooler Master N400,/productinfo/195369/cooler-master-n400,Hardware.info,"€ 46,62",http://content.hwigroup.net/images/products/micro_thumbs/195369.jpg,"Miditower, ATX, Zwart"
"[{'url': 'http://content.hwigroup.net/images/products/micro_thumbs/248788.jpg', 'path': 'full/6f32d5531a896e41517aef8e03e8bc1fd18a051c.jpg', 'checksum': 'e1115dd93c7a089a9f25e0569b71741b'}]",In Win S-Frame,/productinfo/248788/in-win-s-frame,Hardware.info,"€ 844,96",http://content.hwigroup.net/images/products/micro_thumbs/248788.jpg,"Tower, ATX, Zwart/Rood, Venster, 0 fans"
"[{'url': 'http://content.hwigroup.net/images/products/micro_thumbs/239332.jpg', 'path': 'full/4e279fff1ac1eec7eb4ca2af2d54f686bd83ea5b.jpg', 'checksum': 'e47b19381c5779cfc5e1e1c5fddb2c09'}]",Phanteks Enthoo Luxe White,/productinfo/239332/phanteks-enthoo-luxe-white,Hardware.info,"€ 150,01",http://content.hwigroup.net/images/products/micro_thumbs/239332.jpg,"Fulltower, Extended ATX, Wit, Venster, 3 fans"
"[{'url': 'http://content.hwigroup.net/images/products/micro_thumbs/156783.jpg', 'path': 'full/4c0982b60b564e2bced017468e6feffe8a4ecf27.jpg', 'checksum': '545c2a108478fd33a14f5cb768795423'}]",Bitfenix Prodigy Silver,/productinfo/156783/bitfenix-prodigy-silver,Hardware.info,"€ 69,14",http://content.hwigroup.net/images/products/micro_thumbs/156783.jpg,"Miditower, Mini ITX, Wit, 2 fans"
"[{'url': 'http://content.hwigroup.net/images/products/micro_thumbs/206741.jpg', 'path': 'full/c968b81faf968fc2087bc8e4d757afeb8ed5c999.jpg', 'checksum': '19f6a19736af51b2a80eb80fc2c304f0'}]",NZXT H440 White,/productinfo/206741/nzxt-h440-white,Hardware.info,"€ 109,63",http://content.hwigroup.net/images/products/micro_thumbs/206741.jpg,"Miditower, ATX, Zwart/Wit, Venster, 4 fans"
"[{'url': 'http://content.hwigroup.net/images/products/micro_thumbs/239331.jpg', 'path': 'full/f7a2252c6ceb859645d4583269e92dce67656226.jpg', 'checksum': 'b26795679a88d3c1a5793346a8511ebf'}]",Phanteks Enthoo Luxe Black,/productinfo/239331/phanteks-enthoo-luxe-black,Hardware.info,"€ 141,44",http://content.hwigroup.net/images/products/micro_thumbs/239331.jpg,Zwart
"[{'url': 'http://content.hwigroup.net/images/products/micro_thumbs/172558.jpg', 'path': 'full/8558869496c103e8ba335bff6d3d98e3c3c12ad6.jpg', 'checksum': '1ed6fcd30d8bf029fc4dc1e29bcb9e5d'}]",Aerocool XPredator X3 Devil Red,/productinfo/172558/aerocool-xpredator-x3-devil-red,Hardware.info,"€ 92,45",http://content.hwigroup.net/images/products/micro_thumbs/172558.jpg,"Miditower, ATX, Zwart/Rood, Venster"
"[{'url': 'http://content.hwigroup.net/images/products/micro_thumbs/136206.jpg', 'path': 'full/fabbed36a5e916b0ec682750d32a7a7db7ad41e6.jpg', 'checksum': 'fd58f8b0e5b65c2d96919c4218e75cda'}]",Antec ISK 110,/productinfo/136206/antec-isk-110,Hardware.info,"€ 81,99",http://content.hwigroup.net/images/products/micro_thumbs/136206.jpg,"SFF, Mini ITX, Zwart/Grijs, 0 fans, 90 W"
"[{'url': 'http://content.hwigroup.net/images/products/micro_thumbs/072495.jpg', 'path': 'full/0d4804ec880b9c80011f834a3058019d2f3928a5.jpg', 'checksum': '0ca78a4acd0b9fcd53f9fde629912c34'}]",Corsair Obsidian 800D,/productinfo/72495/corsair-obsidian-800d,Hardware.info,"€ 259,28",http://content.hwigroup.net/images/products/micro_thumbs/072495.jpg,"Fulltower, ATX, Zwart, Venster, 3 fans"
"[{'url': 'http://content.hwigroup.net/images/products/micro_thumbs/205031.jpg', 'path': 'full/ce7b1b14d6565e80596142f0b93425bb2bf12ca4.jpg', 'checksum': 'a35bc6e1ac3f928054129e1c40b6860e'}]",SilverStone Milo ML05B,/productinfo/205031/silverstone-milo-ml05b,Hardware.info,"€ 49,97",http://content.hwigroup.net/images/products/micro_thumbs/205031.jpg,"HTPC, Mini ITX, Zwart, 0 fans"
"[{'url': 'http://content.hwigroup.net/images/products/micro_thumbs/207672.jpg', 'path': 'full/8d3d09a78165acb50c1c9f06234e2103316a947a.jpg', 'checksum': '9347e7a91d627ad026fa7c60cc335782'}]",Cooler Master Silencio 652s,/productinfo/207672/cooler-master-silencio-652s,Hardware.info,"€ 97,03",http://content.hwigroup.net/images/products/micro_thumbs/207672.jpg,"Miditower, ATX, Zwart, 3 fans"
"[{'url': 'http://content.hwigroup.net/images/products/micro_thumbs/142333.jpg', 'path': 'full/d84555c4264fb021db6da753160c2b30945420ff.jpg', 'checksum': '72d4d612eb42aedb9d6c3b01379e150a'}]",LC Power LC-1360MI,/productinfo/142333/lc-power-lc-1360mi,Hardware.info,"€ 55,06",http://content.hwigroup.net/images/products/micro_thumbs/142333.jpg,"SFF, Mini ITX, Zwart/Wit, 0 fans, 75 W"
"[{'url': 'http://content.hwigroup.net/images/products/micro_thumbs/167171.jpg', 'path': 'full/9d9e242e4f53f24900948a825b34f7a4e829580d.jpg', 'checksum': 'cdc85935aed1e99cc2265a0a273a59c9'}]",Antec VSK-4000E,/productinfo/167171/antec-vsk-4000e,Hardware.info,"€ 30,05",http://content.hwigroup.net/images/products/micro_thumbs/167171.jpg,"Miditower, ATX, Zwart, 1 fans"
"[{'url': 'http://content.hwigroup.net/images/products/micro_thumbs/207676.jpg', 'path': 'full/5f9f853b1b59e315470d270eb8693c18e59e7154.jpg', 'checksum': '4951e4581b0510ccdb52895d628f0d39'}]",Bitfenix Colossus Mini-ITX Black,/productinfo/207676/bitfenix-colossus-mini-itx-black,Hardware.info,"€ 80,23",http://content.hwigroup.net/images/products/micro_thumbs/207676.jpg,"Cube, Mini ITX, Zwart/Wit, 2 fans"
"[{'url': 'http://content.hwigroup.net/images/products/micro_thumbs/089235.jpg', 'path': 'full/2412fc3bb0a6db38bcffc010f8a08d4f793c8cfb.jpg', 'checksum': '9181a0cfd63a6885e81b2ca5aa531a11'}]",Cooler Master CM 690 II Advanced,/productinfo/89235/cooler-master-cm-690-ii-advanced,Hardware.info,,http://content.hwigroup.net/images/products/micro_thumbs/089235.jpg,"Miditower, ATX, Zwart, 3 fans"
"[{'url': 'http://content.hwigroup.net/images/products/micro_thumbs/198822.jpg', 'path': 'full/09fea79d1cde80dc57f3f5a42d71d317213b6f7d.jpg', 'checksum': 'dee1127b0b8487805f589536be9cf51d'}]",Corsair Graphite 230T Orange Window,/productinfo/198822/corsair-graphite-230t-orange-window,Hardware.info,"€ 75,47",http://content.hwigroup.net/images/products/micro_thumbs/198822.jpg,"Miditower, ATX, Zwart/Oranje, Venster, 3 fans"
"[{'url': 'http://content.hwigroup.net/images/products/micro_thumbs/164911.jpg', 'path': 'full/8edf53603897ac8f315713a2ac846354b406cfe6.jpg', 'checksum': '230e067aeee8344788337106873a6365'}]",Fractal Design Node 605,/productinfo/164911/fractal-design-node-605,Hardware.info,"€ 129,99",http://content.hwigroup.net/images/products/micro_thumbs/164911.jpg,"HTPC, ATX, Zwart, 2 fans"
"[{'url': 'http://content.hwigroup.net/images/products/micro_thumbs/167170.jpg', 'path': 'full/30ca0d0ac6dde0564c7b7cb2b01a54799ebdd941.jpg', 'checksum': '66030a8a3fa0d0dd58c09eea3ea4d401'}]",Antec VSK-3000E,/productinfo/167170/antec-vsk-3000e,Hardware.info,"€ 26,71",http://content.hwigroup.net/images/products/micro_thumbs/167170.jpg,"Minitower, Micro ATX, Zwart, 1 fans"
"[{'url': 'http://content.hwigroup.net/images/products/micro_thumbs/195736.jpg', 'path': 'full/7c9aa93797ac2fee09569941107740cde19fe195.jpg', 'checksum': '05111bafca0e87993368046fdf413a4a'}]",Bitfenix Prodigy M White,/productinfo/195736/bitfenix-prodigy-m-white,Hardware.info,"€ 71,18",http://content.hwigroup.net/images/products/micro_thumbs/195736.jpg,"Cube, Micro ATX, Wit, 2 fans"
"[{'url': 'http://content.hwigroup.net/images/products/micro_thumbs/196781.jpg', 'path': 'full/d89ce9ec2e55271b6947e65524392be519158bf4.jpg', 'checksum': '8f8be44dd39c12084d86f5e2b0565f8f'}]",Cooler Master Cosmos SE Window,/productinfo/196781/cooler-master-cosmos-se-window,Hardware.info,"€ 157,75",http://content.hwigroup.net/images/products/micro_thumbs/196781.jpg,"Fulltower, ATX, Zwart, Venster, 4 fans"
"[{'url': 'http://content.hwigroup.net/images/products/micro_thumbs/102438.jpg', 'path': 'full/0ce6c0314b57185c7964f4559e556fa2bfb959bd.jpg', 'checksum': '7a88d50ace7bac71d965d5ee87ee9a41'}]",Cooler Master HAF X,/productinfo/102438/cooler-master-haf-x,Hardware.info,"€ 151,90",http://content.hwigroup.net/images/products/micro_thumbs/102438.jpg,"Fulltower, Extended ATX, Zwart, Venster, 4 fans, 0 W"
"[{'url': 'http://content.hwigroup.net/images/products/micro_thumbs/064621.jpg', 'path': 'full/410bd84bdf1507df54211ee572285e8b36d48a4e.jpg', 'checksum': '7e2a135aec81ece20b028b5a04b1fc0c'}]",Lian Li PC-V351 Black,/productinfo/64621/lian-li-pc-v351-black,Hardware.info,"€ 97,08",http://content.hwigroup.net/images/products/micro_thumbs/064621.jpg,"Cube, Micro ATX, Zwart, 3 fans, 0 W"
"[{'url': 'http://content.hwigroup.net/images/products/micro_thumbs/087525.jpg', 'path': 'full/ff6daf9b2505575c368d399dd9c1a79058a2ac60.jpg', 'checksum': 'd37be83cca981867d8c496f6fd7e380b'}]",Antec ISK 300-150,/productinfo/87525/antec-isk-300-150,Hardware.info,"€ 82,83",http://content.hwigroup.net/images/products/micro_thumbs/087525.jpg,"SFF, Mini ITX, Zwart, 1 fans, 150 W"
"[{'url': 'http://content.hwigroup.net/images/products/micro_thumbs/243345.jpg', 'path': 'full/2c5fb99556e19b311f83a16f32b910c8d54c447a.jpg', 'checksum': '1ad036ca45f6a6cfa7e6b92fe6101fbd'}]",Corsair Graphite Series 380T Yellow,/productinfo/243345/corsair-graphite-series-380t-yellow,Hardware.info,,http://content.hwigroup.net/images/products/micro_thumbs/243345.jpg,"Cube, Mini ITX, Zwart/Geel, Venster, 2 fans"
"[{'url': 'http://content.hwigroup.net/images/products/micro_thumbs/156782.jpg', 'path': 'full/4be641ae4696eda5e9c7060bdde9329acea2017c.jpg', 'checksum': 'aecb1aeb3010ee5f548d2ddfadb41893'}]",Bitfenix Prodigy Black,/productinfo/156782/bitfenix-prodigy-black,Hardware.info,"€ 69,31",http://content.hwigroup.net/images/products/micro_thumbs/156782.jpg,"Minitower, Mini ITX, Zwart"
"[{'url': 'http://content.hwigroup.net/images/products/micro_thumbs/119248.jpg', 'path': 'full/af5b35908a5e95196ba6c61a5d1c26305e60c55f.jpg', 'checksum': '6f8b610a20c7753240fd1f1aa6df1be0'}]",CM Storm Enforcer (window),/productinfo/119248/cm-storm-enforcer-window,Hardware.info,"€ 83,63",http://content.hwigroup.net/images/products/micro_thumbs/119248.jpg,"Miditower, ATX, Zwart, Venster, 2 fans"
"[{'url': 'http://content.hwigroup.net/images/products/micro_thumbs/174254.jpg', 'path': 'full/e724a26c1a1c1edba0d7acfaaa3ddc6b4edcc33d.jpg', 'checksum': '501c8fa6c648173a74a7712ae8093c28'}]",Cooler Master Centurion 6 Silver,/productinfo/174254/cooler-master-centurion-6-silver,Hardware.info,"€ 69,59",http://content.hwigroup.net/images/products/micro_thumbs/174254.jpg,"Miditower, ATX, Zwart/Zilver, 2 fans"
"[{'url': 'http://content.hwigroup.net/images/products/micro_thumbs/232418.jpg', 'path': 'full/fc8cb165c73f7dcf2520a3498e30cb846eb3db21.jpg', 'checksum': '8caa40fe5f2571eb339b523eca37ade6'}]",Corsair Graphite Series 780T White,/productinfo/232418/corsair-graphite-series-780t-white,Hardware.info,"€ 178,04",http://content.hwigroup.net/images/products/micro_thumbs/232418.jpg,"Fulltower, Extended ATX, Zwart/Wit, 3 fans"
"[{'url': 'http://content.hwigroup.net/images/products/micro_thumbs/130006.jpg', 'path': 'full/5ce974396fe21abad3de71753caf9cb198d74f39.jpg', 'checksum': '3fcccb29982cbac32cdace561c0e2728'}]",SilverStone Fortress FT03 Titanium,/productinfo/130006/silverstone-fortress-ft03-titanium,Hardware.info,"€ 146,05",http://content.hwigroup.net/images/products/micro_thumbs/130006.jpg,"Tower, Micro ATX, Zilver, 3 fans"
"[{'url': 'http://content.hwigroup.net/images/products/micro_thumbs/163959.jpg', 'path': 'full/a0840efe5308f84f642e55a25ea71d72bc42afc8.jpg', 'checksum': '8f61d09035c641f177111b0081185ab1'}]",Aerocool XPredator X3 White,/productinfo/163959/aerocool-xpredator-x3-white,Hardware.info,"€ 92,61",http://content.hwigroup.net/images/products/micro_thumbs/163959.jpg,"Miditower, ATX, Zwart/Wit, Venster"
"[{'url': 'http://content.hwigroup.net/images/products/micro_thumbs/207673.jpg', 'path': 'full/87fd8a77228126328b0e5a40c97ec9a51d3f3c81.jpg', 'checksum': '93927e20d585ad00279a67d322febf97'}]",Bitfenix Comrade Black,/productinfo/207673/bitfenix-comrade-black,Hardware.info,"€ 36,38",http://content.hwigroup.net/images/products/micro_thumbs/207673.jpg,"Miditower, ATX, Zwart, 1 fans"
"[{'url': 'http://content.hwigroup.net/images/products/micro_thumbs/223666.jpg', 'path': 'full/59b2a4af94bd3c1d0e3325f4ece01e215aeaa843.jpg', 'checksum': 'e294c8243071ca86fe7272cf311ce34e'}]",Phanteks Enthoo Pro Window,/productinfo/223666/phanteks-enthoo-pro-window,Hardware.info,"€ 95,74",http://content.hwigroup.net/images/products/micro_thumbs/223666.jpg,"Fulltower, Extended ATX, Zwart, Venster, 2 fans"
"[{'url': 'http://content.hwigroup.net/images/products/micro_thumbs/133287.jpg', 'path': 'full/33cdb22017526a57fb9813794ed79ebefbc4189d.jpg', 'checksum': '6f4962cf97111a962a7a4e5e44b4f716'}]",Bitfenix Merc Beta,/productinfo/133287/bitfenix-merc-beta,Hardware.info,"€ 40,90",http://content.hwigroup.net/images/products/micro_thumbs/133287.jpg,"Miditower, ATX, Zwart, 1 fans"
"[{'url': 'http://content.hwigroup.net/images/products/micro_thumbs/151076.jpg', 'path': 'full/c0e9f3c6cbdfb478c5370515d8c7ec63d064b6bd.jpg', 'checksum': '35da13883eccb52507aa4bc82e9eedcc'}]",Corsair Vengeance C70 Green,/productinfo/151076/corsair-vengeance-c70-green,Hardware.info,"€ 109,15",http://content.hwigroup.net/images/products/micro_thumbs/151076.jpg,"Tower, ATX, Zwart/Groen, Venster, 3 fans"
"[{'url': 'http://content.hwigroup.net/images/products/micro_thumbs/206755.jpg', 'path': 'full/7830428c43e946816862aa474ddef1a9343edfac.jpg', 'checksum': '0e6d3711c6013ffe385479dd46b3de83'}]",SilverStone Raven RVZ01,/productinfo/206755/silverstone-raven-rvz01,Hardware.info,"€ 89,70",http://content.hwigroup.net/images/products/micro_thumbs/206755.jpg,"SFF, Mini ITX, Zwart, 2 fans"
"[{'url': 'http://content.hwigroup.net/images/products/micro_thumbs/193577.jpg', 'path': 'full/d7fbfb7ca9037106677b2102011dc1ca1bdbf2a9.jpg', 'checksum': '10fdd92d8681c6480b35dea8b3eca4d3'}]",Bitfenix Ronin,/productinfo/193577/bitfenix-ronin,Hardware.info,"€ 79,15",http://content.hwigroup.net/images/products/micro_thumbs/193577.jpg,"Miditower, ATX, Zwart, Venster, 2 fans"
"[{'url': 'http://content.hwigroup.net/images/products/micro_thumbs/211341.jpg', 'path': 'full/02a214bd7ac0ed9d322b5fdaf6125f14e4cbb343.jpg', 'checksum': '2f98192cf14b1398735ff83bf143005e'}]",Cooler Master Elite 110,/productinfo/211341/cooler-master-elite-110,Hardware.info,"€ 40,84",http://content.hwigroup.net/images/products/micro_thumbs/211341.jpg,"Cube, Mini ITX, Zwart, 1 fans"
"[{'url': 'http://content.hwigroup.net/images/products/micro_thumbs/210873.jpg', 'path': 'full/7ec0fc54a54a399c633ad7afcf58b7aad3dc5aea.jpg', 'checksum': '7460adab3a73b2974b2a7afc40bb0500'}]",Corsair Graphite 760T Black,/productinfo/210873/corsair-graphite-760t-black,Hardware.info,"€ 172,07",http://content.hwigroup.net/images/products/micro_thumbs/210873.jpg,"Fulltower, XL-ATX, Zwart, 3 fans"
"[{'url': 'http://content.hwigroup.net/images/products/micro_thumbs/194127.jpg', 'path': 'full/59ecc4760edbb4efc987b7ac8ccf5a5156e60339.jpg', 'checksum': 'b0f5ef1349e0b9f98298d11911d08d20'}]",Enermax Fulmo ST Grey,/productinfo/194127/enermax-fulmo-st-grey,Hardware.info,"€ 62,90",http://content.hwigroup.net/images/products/micro_thumbs/194127.jpg,"Miditower, ATX, Zilver/Grijs, Venster, 3 fans"
"[{'url': 'http://content.hwigroup.net/images/products/micro_thumbs/242137.jpg', 'path': 'full/20f1069f5ae94cda3d2010e02982041e6db8f388.jpg', 'checksum': '0b20d6de8447b97c6decff2cda022806'}]",Raspberry Pi Typ B+ Black,/productinfo/242137/raspberry-pi-typ-b+-black,Hardware.info,"€ 16,46",http://content.hwigroup.net/images/products/micro_thumbs/242137.jpg,
"[{'url': 'http://content.hwigroup.net/images/products/micro_thumbs/136484.jpg', 'path': 'full/5bc52112f3a6e1b7ff5344683ba47993cfdf6d06.jpg', 'checksum': 'b6f207ba20abae5866e15d8c88ac3130'}]",Xilence Interceptor Pro,/productinfo/136484/xilence-interceptor-pro,Hardware.info,"€ 218,98",http://content.hwigroup.net/images/products/micro_thumbs/136484.jpg,"Fulltower, HTPX, Zwart/Rood, Venster, 3 fans"
"[{'url': 'http://content.hwigroup.net/images/products/micro_thumbs/217298.jpg', 'path': 'full/ac6ab351816fc0530fb1fe49d4f40f4e124ae100.jpg', 'checksum': 'f119b852f050c6483f6382b7fdc3d30d'}]",Aerocool DS 200 Blue,/productinfo/217298/aerocool-ds-200-blue,Hardware.info,"€ 112,65",http://content.hwigroup.net/images/products/micro_thumbs/217298.jpg,ATX
"[{'url': 'http://content.hwigroup.net/images/products/micro_thumbs/200529.jpg', 'path': 'full/b3b6ebec1c79144ad573f4ff992beeab8fb3f5d7.jpg', 'checksum': 'e6d06ff6642c8bbf0cf6da6bf2243c50'}]",Antec ISK 600,/productinfo/200529/antec-isk-600,Hardware.info,"€ 66,55",http://content.hwigroup.net/images/products/micro_thumbs/200529.jpg,"Cube, Mini ITX, Zwart, 1 fans"
"[{'url': 'http://content.hwigroup.net/images/products/micro_thumbs/110099.jpg', 'path': 'full/bf428e1d9c4c7c187e48392cf4df9efddf089590.jpg', 'checksum': '874ae6ce68cbba7ca3f05c30b12a50f4'}]",Antec Nine Hundred Two V3,/productinfo/110099/antec-nine-hundred-two-v3,Hardware.info,"€ 107,54",http://content.hwigroup.net/images/products/micro_thumbs/110099.jpg,"Miditower, ATX, Zwart, Venster, 4 fans, 0 W"
"[{'url': 'http://content.hwigroup.net/images/products/micro_thumbs/152266.jpg', 'path': 'full/a3e69516bfc4e4deeefe300aa09718e72790e8ad.jpg', 'checksum': 'b5479f93be682f54c68a2bf0ea332016'}]",Cooler Master Silencio 650,/productinfo/152266/cooler-master-silencio-650,Hardware.info,"€ 117,44",http://content.hwigroup.net/images/products/micro_thumbs/152266.jpg,"Tower, ATX, Zwart, 3 fans"
"[{'url': 'http://content.hwigroup.net/images/brands/micro_thumbs/000114.png', 'path': 'full/b56cad15a221ee80e4b15dcd3cbb1dfee2cf30db.jpg', 'checksum': '237dd1cf232ef77cd1119eebd8016379'}]",In Win BM639 Silver,/productinfo/223080/in-win-bm639-silver,Hardware.info,"€ 56,00",http://content.hwigroup.net/images/brands/micro_thumbs/000114.png,
"[{'url': 'http://content.hwigroup.net/images/products/micro_thumbs/096392.jpg', 'path': 'full/c24eabc2830910e5a71bc573cdfba2b634970e27.jpg', 'checksum': 'c5d9b1b17267857ede3e796d48b8d4ee'}]",Spire Powercube 210 300W Black,/productinfo/96392/spire-powercube-210-300w-black,Hardware.info,"€ 52,57",http://content.hwigroup.net/images/products/micro_thumbs/096392.jpg,"Cube, Mini ITX, Zwart, 0 fans, 300 W"
"[{'url': 'http://content.hwigroup.net/images/products/micro_thumbs/037323.jpg', 'path': 'full/bd8aeae4b5fd495e4a545b0680020bad99b7ec9d.jpg', 'checksum': 'f0b865a4194b3b8add83bc6de281cea3'}]",Antec Fusion Remote Black,/productinfo/37323/antec-fusion-remote-black,Hardware.info,,http://content.hwigroup.net/images/products/micro_thumbs/037323.jpg,"HTPC, Zwart, 2 fans, 0 W"
"[{'url': 'http://content.hwigroup.net/images/products/micro_thumbs/115759.jpg', 'path': 'full/3d2ff64e80a20efdcad5da2b3ffde109369535f9.jpg', 'checksum': '093315869b73c77f48ae63829f94e10d'}]",Antec Performance One P183 V3,/productinfo/115759/antec-performance-one-p183-v3,Hardware.info,"€ 137,76",http://content.hwigroup.net/images/products/micro_thumbs/115759.jpg,"Miditower, ATX, Zwart, 2 fans"
"[{'url': 'http://content.hwigroup.net/images/products/micro_thumbs/186759.jpg', 'path': 'full/c875a1144a9c6aa6456122844e7bdddf87674bf2.jpg', 'checksum': 'b2c0ae035af0073a87994c68b3bed060'}]",Cooltek Coolcube Black,/productinfo/186759/cooltek-coolcube-black,Hardware.info,"€ 61,62",http://content.hwigroup.net/images/products/micro_thumbs/186759.jpg,"Cube, Mini ITX, Zwart, 0 fans"
,,,Hardware.info,,,
"[{'url': 'http://content.hwigroup.net/images/products/micro_thumbs/232421.jpg', 'path': 'full/2e99bb1656738d8c584ab01673cc6c415824e346.jpg', 'checksum': '6a5232235fff2d51307394c0ff7a1ed5'}]",Corsair Carbide Series Air 240 White,/productinfo/232421/corsair-carbide-series-air-240-white,Hardware.info,"€ 92,15",http://content.hwigroup.net/images/products/micro_thumbs/232421.jpg,"ATX, Wit"
"[{'url': 'http://content.hwigroup.net/images/products/micro_thumbs/239613.jpg', 'path': 'full/9c09446de128d79c0342dd8787e19308ab7f6bd4.jpg', 'checksum': 'a2780b7276da73af9172dda5e21a16af'}]",Corsair Graphite Series 380T Black,/productinfo/239613/corsair-graphite-series-380t-black,Hardware.info,"€ 121,95",http://content.hwigroup.net/images/products/micro_thumbs/239613.jpg,"Mini ITX, Zwart"
"[{'url': 'http://content.hwigroup.net/images/products/micro_thumbs/178322.jpg', 'path': 'full/e6864d66c149722cc56b91403a04ad1e5df9212b.jpg', 'checksum': '814d059f1ea7973913aa1faac3a9d6ab'}]",Fractal Design Arc Midi R2,/productinfo/178322/fractal-design-arc-midi-r2,Hardware.info,"€ 91,77",http://content.hwigroup.net/images/products/micro_thumbs/178322.jpg,"Miditower, ATX, Zwart, Venster"
"[{'url': 'http://content.hwigroup.net/images/products/micro_thumbs/129591.jpg', 'path': 'full/f7a292f121cc0e78f89c84c8885b58c176fb7200.jpg', 'checksum': '4a4a41116941973b69f3df0b83edffd9'}]",Streacom FC5 OD Fanless Black,/productinfo/129591/streacom-fc5-od-fanless-black,Hardware.info,,http://content.hwigroup.net/images/products/micro_thumbs/129591.jpg,"HTPC, Zwart"
"[{'url': 'http://content.hwigroup.net/images/products/micro_thumbs/105145.jpg', 'path': 'full/a92aad891fb30b54c2762b19be1c358c8c84d8ac.jpg', 'checksum': '1c87f0a927dc4833f2c362613e0808cb'}]",Cooler Master HAF 912 Plus,/productinfo/105145/cooler-master-haf-912-plus,Hardware.info,"€ 104,80",http://content.hwigroup.net/images/products/micro_thumbs/105145.jpg,"Miditower, ATX, Zwart, 2 fans"
"[{'url': 'http://content.hwigroup.net/images/products/micro_thumbs/137033.jpg', 'path': 'full/ee3bf6ad0c875c9e3bc4123a626f346c8d563cf5.jpg', 'checksum': 'bb19b4fbce68d4248b5e47984a6a5782'}]",Corsair Obsidian 550D,/productinfo/137033/corsair-obsidian-550d,Hardware.info,"€ 132,59",http://content.hwigroup.net/images/products/micro_thumbs/137033.jpg,"Tower, ATX, Zwart, 3 fans"
"[{'url': 'http://content.hwigroup.net/images/products/micro_thumbs/198289.jpg', 'path': 'full/bbdbfbb128c324e5428f0119630d299f4ea62a57.jpg', 'checksum': 'ea39ed872f2489acdaf65d3868a6c763'}]",Fractal Design Node 304 White,/productinfo/198289/fractal-design-node-304-white,Hardware.info,"€ 74,36",http://content.hwigroup.net/images/products/micro_thumbs/198289.jpg,"Mini ITX, Wit"
"[{'url': 'http://content.hwigroup.net/images/products/micro_thumbs/166593.jpg', 'path': 'full/07f358c2db03bfe5be5ab78f31e8d77affe09843.jpg', 'checksum': 'd8735b57458ced59db925549bd670309'}]",Lian Li PC-7HX,/productinfo/166593/lian-li-pc-7hx,Hardware.info,"€ 94,81",http://content.hwigroup.net/images/products/micro_thumbs/166593.jpg,"Miditower, ATX, Zwart/Grijs, 3 fans"
"[{'url': 'http://content.hwigroup.net/images/products/micro_thumbs/108545.jpg', 'path': 'full/6e93db18ee8441b1b0c65d2eeb52ee640723c71c.jpg', 'checksum': 'beac50d31b3345b4a91e6a19a3aa3387'}]",Lian Li PC-Q11 Black,/productinfo/108545/lian-li-pc-q11-black,Hardware.info,"€ 85,89",http://content.hwigroup.net/images/products/micro_thumbs/108545.jpg,"Cube, Mini ITX, Zwart, 0 W"
"[{'url': 'http://content.hwigroup.net/images/products/micro_thumbs/154363.jpg', 'path': 'full/0d1d73f630dc6ebc9b4af0eb334bcc6c2a5f9f62.jpg', 'checksum': '33dc4af5a39852d795ba2b7d2facffb8'}]",SilverStone Fortress FT03 Mini Black,/productinfo/154363/silverstone-fortress-ft03-mini-black,Hardware.info,"€ 122,27",http://content.hwigroup.net/images/products/micro_thumbs/154363.jpg,"SFF, Mini ITX, Zwart, 1 fans"
"[{'url': 'http://content.hwigroup.net/images/products/micro_thumbs/183944.jpg', 'path': 'full/69655d498d31699e44b58c8193416d906972caa9.jpg', 'checksum': '68982b942e5c1d3f514c3652f0499993'}]",Zalman Z12 Plus,/productinfo/183944/zalman-z12-plus,Hardware.info,"€ 66,76",http://content.hwigroup.net/images/products/micro_thumbs/183944.jpg,"Miditower, ATX, Zwart, Venster, 3 fans"
"[{'url': 'http://content.hwigroup.net/images/products/micro_thumbs/198290.jpg', 'path': 'full/95b615121e32332a87aac96dc662fd19a72a29e0.jpg', 'checksum': '7172b000302aa5fdc8ab09c47fd4ca28'}]",Aerocool GT Black Advance,/productinfo/198290/aerocool-gt-black-advance,Hardware.info,"€ 34,16",http://content.hwigroup.net/images/products/micro_thumbs/198290.jpg,"ATX, Zwart"
"[{'url': 'http://content.hwigroup.net/images/products/micro_thumbs/259818.jpg', 'path': 'full/5a044edbe546ab2145a8257c9249ccb721e29ff6.jpg', 'checksum': '2fcc693b60de85d4c72bce9aa4529a86'}]",Aerocool Strike-X Cube Red,/productinfo/259818/aerocool-strike-x-cube-red,Hardware.info,"€ 82,51",http://content.hwigroup.net/images/products/micro_thumbs/259818.jpg,
"[{'url': 'http://content.hwigroup.net/images/products/micro_thumbs/114622.jpg', 'path': 'full/7bdcdd8ec2b233af987d218b48a0cd517018b81a.jpg', 'checksum': 'a554cb173f1c42469efc1a7cf88eac07'}]",Aerocool Syclone II Black/Red,/productinfo/114622/aerocool-syclone-ii-blackred,Hardware.info,"€ 81,49",http://content.hwigroup.net/images/products/micro_thumbs/114622.jpg,"Miditower, ATX, Zwart/Rood, Venster, 0 W"
"[{'url': 'http://content.hwigroup.net/images/products/micro_thumbs/128794.jpg', 'path': 'full/0ccd1e169ea3ef99d5e3ee3149e3d836d3773d3a.jpg', 'checksum': 'd1931d8e5171f7ce48162cf9f6d0f452'}]",Aerocool X-Warrior Devil Red Edition,/productinfo/128794/aerocool-x-warrior-devil-red-edition,Hardware.info,"€ 49,13",http://content.hwigroup.net/images/products/micro_thumbs/128794.jpg,"Miditower, ATX, Zwart/Rood"
"[{'url': 'http://content.hwigroup.net/images/products/micro_thumbs/001948.jpg', 'path': 'full/124dc09a24cdac32d0c49324e8852f02a3b116cb.jpg', 'checksum': '7e261aa28ce307a1ec2b895592cd97c8'}]",Antec Nine Hundred,/productinfo/1948/antec-nine-hundred,Hardware.info,"€ 108,13",http://content.hwigroup.net/images/products/micro_thumbs/001948.jpg,"Miditower, ATX, Zwart, Venster, 4 fans, 0 W"
"[{'url': 'http://content.hwigroup.net/images/products/micro_thumbs/201524.jpg', 'path': 'full/e739b5feaa802e6132fdfa4db934f275e7b1067a.jpg', 'checksum': '6eb6fd5e6570a7996e1e4eba98597cb1'}]",Cooler Master HAF XB Evo,/productinfo/201524/cooler-master-haf-xb-evo,Hardware.info,"€ 85,05",http://content.hwigroup.net/images/products/micro_thumbs/201524.jpg,"Miditower, ATX, Zwart"
"[{'url': 'http://content.hwigroup.net/images/products/micro_thumbs/185574.jpg', 'path': 'full/b5509bfa5dedfce3f9c6566be1b25fbfa7a01bdb.jpg', 'checksum': '7bafa2ea5e68ddf99c4853e7b2eb1787'}]",Cooler Master N500,/productinfo/185574/cooler-master-n500,Hardware.info,"€ 59,87",http://content.hwigroup.net/images/products/micro_thumbs/185574.jpg,"Miditower, ATX, Zwart, 2 fans"
"[{'url': 'http://content.hwigroup.net/images/products/micro_thumbs/195371.jpg', 'path': 'full/43567ccbffb5bf1504b90bb394d5c26249ec4d35.jpg', 'checksum': '4fc8b179887b94a9bad823e143fcd4f9'}]",Cooler Master N600,/productinfo/195371/cooler-master-n600,Hardware.info,"€ 75,40",http://content.hwigroup.net/images/products/micro_thumbs/195371.jpg,"Miditower, ATX, Zwart, 2 fans"
"[{'url': 'http://content.hwigroup.net/images/products/micro_thumbs/000965.jpg', 'path': 'full/0fe650862feb8c571d52809689ade1651e0a3e3c.jpg', 'checksum': 'e85b85567a067903aec8f4edfffefa6c'}]",Cooler Master Stacker 810,/productinfo/965/cooler-master-stacker-810,Hardware.info,,http://content.hwigroup.net/images/products/micro_thumbs/000965.jpg,"Fulltower, ATX, Zilver, 4 fans, 0 W"
"[{'url': 'http://content.hwigroup.net/images/products/micro_thumbs/005221.jpg', 'path': 'full/b9ef91ec454ff4bd2e265b8b32a94c2c5fadbd98.jpg', 'checksum': 'eccfa2ba4e012b1702538b19d738b7fe'}]",Gigabyte GZ-M1 Black,/productinfo/5221/gigabyte-gz-m1-black,Hardware.info,"€ 36,07",http://content.hwigroup.net/images/products/micro_thumbs/005221.jpg,"Minitower, Micro ATX, Zwart, 0 W"
"[{'url': 'http://content.hwigroup.net/images/products/micro_thumbs/133873.jpg', 'path': 'full/e1e692759dfeead42a10255f0be0eb1f5f511805.jpg', 'checksum': '1a2c6135cf5d433bbe603fa9db6791a2'}]",Sharkoon Rebel 9 Pro Window,/productinfo/133873/sharkoon-rebel-9-pro-window,Hardware.info,,http://content.hwigroup.net/images/products/micro_thumbs/133873.jpg,"Miditower, ATX, Zwart, Venster, 2 fans"
"[{'url': 'http://content.hwigroup.net/images/products/micro_thumbs/207689.jpg', 'path': 'full/c8a95c2b40f35075c6ac88211b32f9d30d4f92a6.jpg', 'checksum': 'f84e887d6ad0eae20e2efd0455b29c79'}]",SilverStone Temjin TJ08-E USB 3.0 Window,/productinfo/207689/silverstone-temjin-tj08-e-usb-30-window,Hardware.info,"€ 100,49",http://content.hwigroup.net/images/products/micro_thumbs/207689.jpg,"Minitower, Micro ATX, Zwart, Venster, 1 fans"
"[{'url': 'http://content.hwigroup.net/images/products/micro_thumbs/220387.jpg', 'path': 'full/89cc8495eaefda73d77ae7c98711cc1cc053f7cb.jpg', 'checksum': '4409f88b90c9166d033e09552d1ad1c0'}]",Zalman Z11 Plus HF1,/productinfo/220387/zalman-z11-plus-hf1,Hardware.info,"€ 59,80",http://content.hwigroup.net/images/products/micro_thumbs/220387.jpg,"ATX, Zwart"
"[{'url': 'http://content.hwigroup.net/images/products/micro_thumbs/131528.jpg', 'path': 'full/497997c729688b02f01e0d03fc8534367824581c.jpg', 'checksum': 'a4340a9596a8b864a90f4886ac0e89a5'}]",Bitfenix Raider,/productinfo/131528/bitfenix-raider,Hardware.info,"€ 79,12",http://content.hwigroup.net/images/products/micro_thumbs/131528.jpg,"Tower, ATX, Zwart, 3 fans"
"[{'url': 'http://content.hwigroup.net/images/products/micro_thumbs/201516.jpg', 'path': 'full/bb8a987d7e8f417d8a1f30c991d30e417e98d5ac.jpg', 'checksum': 'efbb975d9997fe5d868f7727cae3eca8'}]",Cooler Master HAF 915R,/productinfo/201516/cooler-master-haf-915r,Hardware.info,"€ 63,98",http://content.hwigroup.net/images/products/micro_thumbs/201516.jpg,"Cube, Mini ITX, Zwart, 1 fans"
"[{'url': 'http://content.hwigroup.net/images/products/micro_thumbs/193044.jpg', 'path': 'full/0bf37026b8cae401b80058e32f7b636d80ee9540.jpg', 'checksum': 'a531c8666cd127f008bc54823633f1c6'}]",Cooler Master N200 Window,/productinfo/193044/cooler-master-n200-window,Hardware.info,"€ 48,10",http://content.hwigroup.net/images/products/micro_thumbs/193044.jpg,"Minitower, Micro ATX, Zwart, Venster"
"[{'url': 'http://content.hwigroup.net/images/products/micro_thumbs/202833.jpg', 'path': 'full/1238450ef29cdae5eb7990a4a9c35b7042c8f50e.jpg', 'checksum': '0ebbb46ef0545ab7a0fe8f12bd2df1ff'}]",Cooler Master N300 Window,/productinfo/202833/cooler-master-n300-window,Hardware.info,"€ 45,92",http://content.hwigroup.net/images/products/micro_thumbs/202833.jpg,"Miditower, ATX, Zwart, Venster"
"[{'url': 'http://content.hwigroup.net/images/products/micro_thumbs/198298.jpg', 'path': 'full/ba464b59ce20509e7aeffaf1f784e4221dffdf14.jpg', 'checksum': '71e767c9b29042b79ef337d2b2eea7c5'}]",Cooler Master Silencio 652,/productinfo/198298/cooler-master-silencio-652,Hardware.info,"€ 101,48",http://content.hwigroup.net/images/products/micro_thumbs/198298.jpg,"Miditower, ATX, Zwart"
"[{'url': 'http://content.hwigroup.net/images/products/micro_thumbs/199514.jpg', 'path': 'full/19d2dffd5f27c821d326363e346ce2fe654575fc.jpg', 'checksum': 'a36ec7c20ecb435b514d59e8dffa3225'}]",Fractal Design Arc Mini R2,/productinfo/199514/fractal-design-arc-mini-r2,Hardware.info,"€ 83,04",http://content.hwigroup.net/images/products/micro_thumbs/199514.jpg,"Minitower, Micro ATX, Zwart"
"[{'url': 'http://content.hwigroup.net/images/products/micro_thumbs/210829.jpg', 'path': 'full/bb83f3e2bb146200a240a2238a25378553a34a46.jpg', 'checksum': '92d1ad3e997f68d049e849ec7d162165'}]",Fractal Design Core 1000 (USB 3.0),/productinfo/210829/fractal-design-core-1000-usb-30,Hardware.info,"€ 36,89",http://content.hwigroup.net/images/products/micro_thumbs/210829.jpg,"Minitower, Micro ATX, Zwart"
"[{'url': 'http://content.hwigroup.net/images/products/micro_thumbs/202583.jpg', 'path': 'full/e503225d1c2069a8c4db9c0cff5e7f576dfd5bfe.jpg', 'checksum': 'a90f705ff13f299baf61d1142f1e6e98'}]",In Win 904,/productinfo/202583/in-win-904,Hardware.info,"€ 185,42",http://content.hwigroup.net/images/products/micro_thumbs/202583.jpg,"Miditower, ATX, Zwart/Zilver, Venster, 0 fans"
"[{'url': 'http://content.hwigroup.net/images/products/micro_thumbs/124492.jpg', 'path': 'full/55139f8c1284625548037cf307c39d1cd43df37b.jpg', 'checksum': '0970c569fb7acb098c29441e607343ba'}]",In Win BM639B,/productinfo/124492/in-win-bm639b,Hardware.info,"€ 64,81",http://content.hwigroup.net/images/products/micro_thumbs/124492.jpg,"SFF, Mini ITX, Zwart, 1 fans, 180 W"
"[{'url': 'http://content.hwigroup.net/images/products/micro_thumbs/137034.jpg', 'path': 'full/1849149c308d368f1c9de3e410f4736a8753854b.jpg', 'checksum': '7a204edc399501ff0d1996885aa7842b'}]",MS-Tech CI-70 60W,/productinfo/137034/ms-tech-ci-70-60w,Hardware.info,"€ 67,89",http://content.hwigroup.net/images/products/micro_thumbs/137034.jpg,"HTPC, Mini ITX, Zwart/Antraciet, 60 W"
"[{'url': 'http://content.hwigroup.net/images/products/micro_thumbs/110381.jpg', 'path': 'full/1aa6e483bee30181be8392200a4e7dac97224af4.jpg', 'checksum': 'bc26abe6d3c6366ce2b4ac69f64b53cc'}]",SilverStone Sugo SG05 Black 450W,/productinfo/110381/silverstone-sugo-sg05-black-450w,Hardware.info,"€ 130,46",http://content.hwigroup.net/images/products/micro_thumbs/110381.jpg,"Cube, Mini ITX, Zwart, 1 fans, 450 W"
"[{'url': 'http://content.hwigroup.net/images/products/micro_thumbs/158450.jpg', 'path': 'full/25ec3e08fd722cdb5f264dc9abf2c29d6fdfd2ae.jpg', 'checksum': 'c60d6f0df89e070c0317d74b222981f2'}]",Streacom FC8 Evo Black,/productinfo/158450/streacom-fc8-evo-black,Hardware.info,"€ 149,33",http://content.hwigroup.net/images/products/micro_thumbs/158450.jpg,"HTPC, Mini ITX, Zwart"
"[{'url': 'http://content.hwigroup.net/images/products/micro_thumbs/131459.jpg', 'path': 'full/a29cf2b5f7ad469a33324a2cd39b21507aed3250.jpg', 'checksum': '061e49493fd5e4e3b2390d6c6f1f1743'}]",Antec Performance One P280 Black,/productinfo/131459/antec-performance-one-p280-black,Hardware.info,"€ 108,63",http://content.hwigroup.net/images/products/micro_thumbs/131459.jpg,"Fulltower, XL-ATX, Zwart/Zilver, 3 fans"
"[{'url': 'http://content.hwigroup.net/images/products/micro_thumbs/091704.jpg', 'path': 'full/e0070b27a1db89425da28dd2db643316a81f10fe.jpg', 'checksum': 'd51206b8ffe754b74ed04b55361f21c1'}]",Chieftec BT-02B,/productinfo/91704/chieftec-bt-02b,Hardware.info,"€ 59,41",http://content.hwigroup.net/images/products/micro_thumbs/091704.jpg,"SFF, Mini ITX, Zwart, 0 fans, 180 W"
"[{'url': 'http://content.hwigroup.net/images/products/micro_thumbs/001405.jpg', 'path': 'full/da337fa9bc29e20bab0da6d5e6db67b2c34c2684.jpg', 'checksum': '4358b1eba3d4f1010752e7d0160ebde2'}]",Cooler Master Stacker 830,/productinfo/1405/cooler-master-stacker-830,Hardware.info,,http://content.hwigroup.net/images/products/micro_thumbs/001405.jpg,"Fulltower, ATX / BTX, Zilver, Venster, 2 fans, 0 W"
"[{'url': 'http://content.hwigroup.net/images/products/micro_thumbs/204821.jpg', 'path': 'full/1ece2c9bf5c2d30f5955217288ff0adac4d8f448.jpg', 'checksum': 'f97b101148168b72d7b8c5367dcc93cc'}]",Corsair Carbide Air 540 White,/productinfo/204821/corsair-carbide-air-540-white,Hardware.info,"€ 140,25",http://content.hwigroup.net/images/products/micro_thumbs/204821.jpg,"Extended ATX, Wit, Venster"
"[{'url': 'http://content.hwigroup.net/images/products/micro_thumbs/232420.jpg', 'path': 'full/029426a97daa87d356f2bb780398015bf16681fb.jpg', 'checksum': 'd5b9be29009933d45427b097e99c484a'}]",Corsair Graphite Series 780T Black,/productinfo/232420/corsair-graphite-series-780t-black,Hardware.info,"€ 170,08",http://content.hwigroup.net/images/products/micro_thumbs/232420.jpg,"XL-ATX, Zwart"
"[{'url': 'http://content.hwigroup.net/images/products/micro_thumbs/126624.jpg', 'path': 'full/2fcdbc99a36d9ca0a26af9bc8b59fa24938a0b11.jpg', 'checksum': 'b7c489cec78a9515b3ad8a9ac7346f7a'}]",Fractal Design Arc Midi Black,/productinfo/126624/fractal-design-arc-midi-black,Hardware.info,"€ 98,95",http://content.hwigroup.net/images/products/micro_thumbs/126624.jpg,"Miditower, ATX, Zwart, 3 fans"
"[{'url': 'http://content.hwigroup.net/images/products/micro_thumbs/168603.jpg', 'path': 'full/b510099cda68aab953951b2a24c7e81c863dccf9.jpg', 'checksum': '86c7d3ffe75d56f5b32c3232257ed64c'}]",Fractal Design Define R4 Window Black Pearl,/productinfo/168603/fractal-design-define-r4-window-black-pearl,Hardware.info,"€ 102,60",http://content.hwigroup.net/images/products/micro_thumbs/168603.jpg,"Miditower, ATX, Zwart, Venster"
"[{'url': 'http://content.hwigroup.net/images/products/micro_thumbs/143392.jpg', 'path': 'full/18f3e0b0cfad915952b45242413337627dc1b4f3.jpg', 'checksum': '2195176f3204588594e6d21897228192'}]",LC Power LC-1340MI,/productinfo/143392/lc-power-lc-1340mi,Hardware.info,"€ 42,62",http://content.hwigroup.net/images/products/micro_thumbs/143392.jpg,"Minitower, Mini ITX, Zwart, 75 W"
"[{'url': 'http://content.hwigroup.net/images/products/micro_thumbs/059547.jpg', 'path': 'full/6697fdc1cf7a4d6f29c5a107f070844c77554fd3.jpg', 'checksum': '47b64d953a683f2f220344c97caaf129'}]",Lian Li PC-C37 Black,/productinfo/59547/lian-li-pc-c37-black,Hardware.info,"€ 127,19",http://content.hwigroup.net/images/products/micro_thumbs/059547.jpg,"HTPC, Micro ATX, Zwart, 2 fans, 0 W"
"[{'url': 'http://content.hwigroup.net/images/products/micro_thumbs/198569.jpg', 'path': 'full/dd902d9029c2bfbd187def434afc7b63d707fbbe.jpg', 'checksum': '6b688ffc7ed087c1d7878a9c457f0852'}]",SilverStone Fortress FT04B-W,/productinfo/198569/silverstone-fortress-ft04b-w,Hardware.info,"€ 225,13",http://content.hwigroup.net/images/products/micro_thumbs/198569.jpg,"Fulltower, Extended ATX, Zwart, Venster, 2 fans"
"[{'url': 'http://content.hwigroup.net/images/products/micro_thumbs/215998.jpg', 'path': 'full/f48d8abe650323e8e7b7162737fa46ea637cd219.jpg', 'checksum': 'b6f622beea35ad9e472bfae565f81417'}]",Xigmatek Aquila White Window,/productinfo/215998/xigmatek-aquila-white-window,Hardware.info,"€ 84,48",http://content.hwigroup.net/images/products/micro_thumbs/215998.jpg,"HTPC, Wit"
"[{'url': 'http://content.hwigroup.net/images/products/micro_thumbs/185155.jpg', 'path': 'full/233493d6a23d392e60a6861c800c1c43c1f96d5b.jpg', 'checksum': '09c9ba74170ce6e23bc3479ff4090fcc'}]",Zalman MS800 Plus,/productinfo/185155/zalman-ms800-plus,Hardware.info,"€ 71,84",http://content.hwigroup.net/images/products/micro_thumbs/185155.jpg,"Miditower, ATX, Zwart, Venster, 4 fans"
"[{'url': 'http://content.hwigroup.net/images/products/micro_thumbs/202377.jpg', 'path': 'full/72c369e863ea081bc95b954560e6d6f7c0f235c5.jpg', 'checksum': '5a7a3269d21551cc497542ea908af4e5'}]",Aerocool Dead Silence Cube Black,/productinfo/202377/aerocool-dead-silence-cube-black,Hardware.info,"€ 79,27",http://content.hwigroup.net/images/products/micro_thumbs/202377.jpg,"Micro ATX, Zwart"
"[{'url': 'http://content.hwigroup.net/images/products/micro_thumbs/150051.jpg', 'path': 'full/b35e5c3804ea2a6b137d04edd37441240f88c9e3.jpg', 'checksum': 'fb7be2a635d0e678006f2879a8b38425'}]",Aerocool Strike-X Air,/productinfo/150051/aerocool-strike-x-air,Hardware.info,"€ 93,19",http://content.hwigroup.net/images/products/micro_thumbs/150051.jpg,"XL-ATX, Zwart/Rood"
