price,name,desc
,,
"€ 561,70",Samsung Galaxy S5 Black,"Android, Qualcomm Snapdragon 801 (8974AC), 5.1 inch, 1920x1080, 16 MPixel, 145 gram"
"€ 587,01",Samsung Galaxy Alpha Black,"Android, Exynos 5 Octa 5430, 4.7 inch, 1280x720, 12 MPixel, 115 gram"
"€ 765,23",Samsung Galaxy Note 4 Black,"Android, Qualcomm Snapdragon 805 (APQ8084), 5.7 inch, 2560x1440, 16 MPixel, 176 gram"
"€ 617,94",HTC One (M8) Gold,"Android, Qualcomm Snapdragon 801 (8974AB), 5 inch, 1920x1080, 4.1 MPixel, 160 gram"
"€ 348,29",LG Nexus 5 16GB Black,"Android, Qualcomm Snapdragon 800 (8974), 5 inch, 1920x1080, 8 MPixel, 130 gram"
"€ 495,16",Sony Xperia Z3 Compact Black,"Android, Qualcomm Snapdragon 801 (8974AC), 4.6 inch, 1280x720, 20.7 MPixel, 129 gram"
"€ 374,14",Sony Xperia Z1 Compact Black,"Android, Qualcomm Snapdragon 800 (8974), 4.3 inch, 1280x720, 20.7 MPixel, 137 gram"
,OnePlus One 64GB Black,"Android, Qualcomm Snapdragon 801 (8974AC), 5.5 inch, 1920x1080, 13 MPixel, 162 gram"
"€ 188,27",Motorola Moto G (2014) Black,"Android, Qualcomm Snapdragon 400, 5 inch, 1280x720, 8 MPixel, 149 gram"
"€ 410,82",Samsung Galaxy S4 Black,"Android, Qualcomm Snapdragon 600 (8064T), 5 inch, 1920x1080, 13 MPixel, 130 gram"
"€ 619,67",HTC One (M8) Grey,"Android, Qualcomm Snapdragon 801 (8974AB), 5 inch, 1920x1080, 4.1 MPixel, 160 gram"
,Samsung Galaxy Alpha Gold,"Android, 4.7 inch, 1280x720, 12 MPixel, 114 gram"
"€ 104,39",Archos 50 Neon,"Android, 5 inch, 854x480, 5 MPixel"
,Motorola Moto G 16GB,"Android, 4.5 inch, 1280x720, 5 MPixel, 143 gram"
"€ 336,44",Nokia Lumia 830 Black,"Windows Phone, Qualcomm Snapdragon 400, 5 inch, 1280x720, 10 MPixel, 150 gram"
"€ 853,00",Apple iPhone 6 64GB Grey,"iOS, Apple A8, 4.7 inch, 1334x750, 8 MPixel, 129 gram"
"€ 630,40",Sony Xperia Z3 Black,"Android, Qualcomm Snapdragon 801 (8974AC), 5.2 inch, 1920x1080, 20.7 MPixel, 152 gram"
"€ 263,60",Samsung Galaxy S4 Mini Black,"Android, Qualcomm Snapdragon 400 (8930AB), 4.3 inch, 960x540, 8 MPixel, 110 gram"
,Sony Xperia P LT22i Silver,"Android, ST-Ericsson NovaThor U8500, 4.0 inch, 960x540, 8 MPixel, 122 gram"
"€ 197,62",Motorola Moto G 4G 8GB,"Android, Qualcomm Snapdragon 400 (8926), 4.5 inch, 1280x720, 5 MPixel, 143 gram"
"€ 228,69",Samsung Galaxy S Advance Black,"Android, ST-Ericsson NovaThor U8500, 4 inch, 800x480, 5 MPixel, 118.3 gram"
,Sony Xperia S LT26i Black,"Android, Qualcomm Snapdragon S3 (MSM8260), 4.3 inch, 1280x720, 12 MPixel, 144 gram"
"€ 620,19",Samsung Galaxy Alpha Silver,"Android, 4.7 inch, 1280x720, 12 MPixel, 114 gram"
"€ 454,50",Nokia Lumia 930 Black,"Windows Phone, Qualcomm Snapdragon 800, 5 inch, 1920x1080, 20 MPixel, 167 gram"
"€ 335,50",Huawei Ascend P7 Black,"Android, Hisilicon Kirin 910T, 5 inch, 1920x1080, 13 MPixel, 125 gram"
"€ 377,92",Samsung Galaxy S5 Mini Black,"Android, Samsung Exynos 3470, 4.5 inch, 1280x720, 8 MPixel, 119.2 gram"
"€ 256,33",Nokia Lumia 735 Grey,"Windows Phone, Qualcomm Snapdragon 400, 4.7 inch, 1280x720, 6.7 MPixel, 134.3 gram"
"€ 389,00",LG Optimus G E975 Black,"Android, Qualcomm Snapdragon S4 Pro (APQ8064), 4.7 inch, 1280x768, 13 MPixel, 145 gram"
"€ 640,36",Samsung Galaxy Alpha Blue,"Android, 4.7 inch, 1280x720, 12 MPixel, 114 gram"
"€ 570,95",LG G3 32GB Black,"Android, Qualcomm Snapdragon 801 (8974AC), 5.5 inch, 2560x1440, 13 MPixel, 149 gram"
"€ 762,69",Samsung Galaxy Note 4 White,"Android, Qualcomm Snapdragon 805 (APQ8084), 5.7 inch, 2166x1440, 16 MPixel, 176 gram"
,Motorola Nexus 6 Blue,"Android, Qualcomm Snapdragon 805 (APQ8084), 5.96 inch, 2560x1440, 13 MPixel, 184 gram"
"€ 620,95",HTC One (M8) Silver,"Android, Qualcomm Snapdragon 801 (8974AB), 5 inch, 1920x1080, 4.1 MPixel, 160 gram"
"€ 367,47",LG G2 16GB Black,"Android, Qualcomm Snapdragon 800 (8974), 5.2 inch, 1920x1080, 13 MPixel, 143 gram"
"€ 195,71",Motorola Moto G 8GB,"Android, Qualcomm Snapdragon 400 (8226), 4.5 inch, 1280x720, 5 MPixel, 143 gram"
"€ 501,73",Sony Xperia Z2 Black,"Android, Qualcomm Snapdragon 801 (8974AB), 5.2 inch, 1920x1080, 20.7 MPixel, 165 gram"
,Sony Xperia T LT30p Black,"Android, Qualcomm Snapdragon S4 Plus (MSM8260A), 4.6 inch, 1280x720, 13 MPixel, 139 gram"
"€ 137,33",LG L70 Black,"Android, Qualcomm Snapdragon 200 (8210), 4.5 inch, 800x480, 5 MPixel, 133 gram"
"€ 163,10",Samsung Galaxy S III Mini White,"Android, ST-Ericsson NovaThor U8420, 4 inch, 800x480, 5 MPixel, 111.5 gram"
"€ 249,08",Nokia Lumia 730 Grey,"Windows Phone, 4.7 inch, 1280x720, 6.7 MPixel, 130.4 gram"
"€ 516,60",Samsung Galaxy Note 3 Black,"Android, Qualcomm Snapdragon 800 (8974), 5.7 inch, 1920x1080, 13 MPixel, 168 gram"
"€ 409,24",LG Nexus 5 32GB Black,"Android, Qualcomm Snapdragon 800 (8974), 5 inch, 1920x1080, 8 MPixel, 130 gram"
"€ 108,48",Huawei Ascend Y300 White,"Android, 4 inch, 800x480, 5 MPixel, 130 gram"
"€ 284,00",Sony Xperia SP Black,"Android, Qualcomm Snapdragon S4 Pro (MSM8960T), 4.6 inch, 1280x720, 8 MPixel, 155 gram"
"€ 196,68",Archos 50 Helium 4G,"Android, Qualcomm Snapdragon 400 (8926), 5 inch, 1280x720, 8 MPixel, 160 gram"
"€ 201,45",Huawei Ascend G6 4G Black,"Android, Qualcomm Snapdragon 400 (8226), 4.5 inch, 960x540, 8 MPixel, 120 gram"
"€ 605,24",Apple iPhone 5s 16GB Black,"iOS, Apple A7, 4 inch, 1136x640, 8 MPixel, 112 gram"
"€ 132,24",Nokia Lumia 630 Black,"Windows Phone, Qualcomm Snapdragon 400 (8626), 4.5 inch, 854x480, 5 MPixel, 134 gram"
"€ 436,49",HTC One Black,"Android, Qualcomm Snapdragon 600 (8064T), 4.7 inch, 1920x1080, 4.1 MPixel, 145 gram"
"€ 340,15",Sony Xperia Z Ultra Black,"Android, Qualcomm Snapdragon 800 (8974), 6.4 inch, 1920x1080, 8 MPixel, 220 gram"
,,
"€ 521,33",Motorola Moto X (2014) Black,"Android, 5.2 inch, 1920x1080, 13 MPixel, 144 gram"
,Samsung Galaxy S Plus i9001 Black,"Android, Qualcomm Snapdragon S2 (MSM8255T), 4 inch, 800x480, 5 MPixel, 117.5 gram"
"€ 497,09",Sony Xperia Z3 Compact White,"Android, Qualcomm Snapdragon 801 (8974AC), 4.6 inch, 1280x720, 20.7 MPixel, 129 gram"
"€ 750,43",Apple iPhone 6 16GB Silver,"iOS, Apple A8, 4.7 inch, 1334x750, 8 MPixel, 129 gram"
"€ 536,61",HTC Desire Eye Blue,"Android, 5.2 inch, 1920x1080, 13 MPixel, 154 gram"
"€ 1.053,64",Apple iPhone 6 Plus 128GB Grey,"iOS, Apple A8, 5.5 inch, 1920x1080, 8 MPixel, 172 gram"
"€ 190,24",Samsung Galaxy Ace 3 Black,"Android, Qualcomm Snapdragon 400 (8930), 4 inch, 800x480, 5 MPixel, 120 gram"
"€ 330,95",HTC Desire 816 Blue,"Android, Qualcomm Snapdragon 400 (8928), 5.5 inch, 1280x720, 13 MPixel, 165 gram"
,Huawei Ascend Mate Black,"Android, Huawei K3V2 Hi3620, 6.1 inch, 1280x720, 8 MPixel, 200 gram"
"€ 493,91",LG G3 16GB Gold,"Android, Qualcomm Snapdragon 801 (8974AC), 5.5 inch, 2560x1440, 13 MPixel, 149 gram"
"€ 249,08",Nokia Lumia 730 White,"Windows Phone, 4.7 inch, 1280x720, 6.7 MPixel, 130.4 gram"
"€ 175,82",Samsung Galaxy Core White,"Android, 4.3 inch, 800x480, 5 MPixel, 124 gram"
"€ 101,36",Samsung Galaxy Trend Lite La Fleur,"Android, 4 inch, 800x480, 3 MPixel, 126 gram"
"€ 98,74",Nokia Lumia 530 Grey,"Windows Phone, Qualcomm Snapdragon 200 (8212), 4 inch, 854x480, 5 MPixel, 129 gram"
"€ 743,48",Apple iPhone 6 16GB Grey,"iOS, Apple A8, 4.7 inch, 1334x750, 8 MPixel, 129 gram"
"€ 419,09",LG G2 32GB Black,"Android, Qualcomm Snapdragon 800 (8974), 5.2 inch, 1920x1080, 13 MPixel, 143 gram"
"€ 497,27",LG G3 16GB Black,"Android, Qualcomm Snapdragon 801 (8974AC), 5.5 inch, 2560x1440, 13 MPixel, 151 gram"
,LG Nexus 4 16GB Black,"Android, Qualcomm Snapdragon S4 Pro (APQ8064), 4.7 inch, 1280x768, 8 MPixel, 139 gram"
"€ 20,56",Samsung E1200i Black,"1.52 inch, 66 gram"
"€ 470,63",Samsung Galaxy S4 Active Grey,"Android, Qualcomm Snapdragon 600 (8064T), 5 inch, 1920x1080, 8 MPixel, 155 gram"
"€ 554,22",Samsung Galaxy S5 Gold,"Android, Qualcomm Snapdragon 801 (8974AC), 5.1 inch, 1920x1080, 16 MPixel, 145 gram"
"€ 497,00",Sony Xperia Z3 Compact Orange,"Android, Qualcomm Snapdragon 801 (8974AC), 4.6 inch, 1280x720, 20.7 MPixel, 129 gram"
"€ 579,16",Apple iPhone 5 16GB Black,"iOS, Apple A6, 4 inch, 1136x640, 8 MPixel, 112 gram"
"€ 865,98",Apple iPhone 6 64GB Silver,"iOS, Apple A8, 4.7 inch, 1334x750, 8 MPixel, 129 gram"
"€ 528,42",Huawei Ascend Mate 7 Silver,"Android, Hisilicon Kirin 925, 6 inch, 1920x1080, 13 MPixel, 185 gram"
"€ 501,15",Sony Xperia Z3 Compact Green,"Android, Qualcomm Snapdragon 801 (8974AC), 4.6 inch, 1280x720, 20.7 MPixel, 129 gram"
,Apple iPhone 4 8GB White,"iOS, 3.5 inch, 960x640, 5 MPixel, 137 gram"
"€ 957,67",Apple iPhone 6 Plus 64GB Grey,"iOS, Apple A8, 5.5 inch, 1920x1080, 8 MPixel, 172 gram"
"€ 604,88",HTC One (M8) Red,"Android, Qualcomm Snapdragon 801 (8974AB), 5 inch, 1920x1080, 4.1 MPixel, 160 gram"
"€ 404,07",Samsung Galaxy S4 Value Edition Black,"Android, Qualcomm Snapdragon 600, 5 inch, 1920x1080, 13 MPixel, 130 gram"
"€ 309,12",Sony Xperia Z Ultra Purple,"Android, Qualcomm Snapdragon 800 (8974), 6.4 inch, 1920x1080, 8 MPixel, 220 gram"
"€ 629,92",Sony Xperia Z3 Bronze,"Android, Qualcomm Snapdragon 801 (8974AC), 5.2 inch, 1920x1080, 20.7 MPixel, 152 gram"
"€ 314,55",HTC Desire 601 White,"Android, Qualcomm Snapdragon 400 (8930AB), 4.5 inch, 960x540, 5 MPixel, 130 gram"
"€ 533,32",Huawei Ascend Mate 7 Black,"Android, Hisilicon Kirin 925, 6.1 inch, 1920x1080, 13 MPixel, 185 gram"
"€ 204,91",Nokia Lumia 625 Black,"Windows Phone, Qualcomm Snapdragon 400 (8930), 4.7 inch, 800x480, 5 MPixel, 159 gram"
"€ 481,35",Apple iPhone 4S 16GB Black,"iOS, Apple A5, 3.5 inch, 960x640, 8 MPixel, 140 gram"
"€ 428,16",BlackBerry 9900 Bold Charcoal,"BlackBerry OS, Qualcomm Snapdragon S2 (MSM8255T), 2.8 inch, 640x480, 5 MPixel, 130 gram"
"€ 189,69",LG L90 Black,"Android, Qualcomm Snapdragon 400, 4.7 inch, 960x540, 8 MPixel, 126 gram"
"€ 224,80",Samsung Galaxy S III Neo Blue,"Android, 4.8 inch, 1280x720, 8 MPixel, 132 gram"
"€ 140,88",Sony Xperia M Black,"Android, 4 inch, 854x480, 5 MPixel, 115 gram"
"€ 394,65",Sony Xperia Z1 Black,"Android, Qualcomm Snapdragon 800 (8974), 5 inch, 1920x1080, 20.7 MPixel, 170 gram"
"€ 173,66",Acer Liquid E3 Black,"Android, MediaTek MT6589, 4.7 inch, 1280x720, 13 MPixel, 135 gram"
"€ 445,74",HTC One Silver,"Android, Qualcomm Snapdragon 600 (8064T), 4.7 inch, 1920x1080, 4.1 MPixel, 145 gram"
"€ 383,98",Huawei Ascend P6 Pink,"Android, Huawei K3V2 Hi3620, 4.7 inch, 1280x720, 8 MPixel, 120 gram"
"€ 241,03",LG G2 Mini Black,"Android, Qualcomm Snapdragon 400 (8226), 4.7 inch, 960x540, 8 MPixel, 125 gram"
"€ 145,89",Samsung Galaxy S Duos Black,"Android, 4 inch, 800x480, 5 MPixel, 120 gram"
"€ 296,72",Samsung Galaxy S III 16GB Blue,"Android, Samsung Exynos 4412, 4.8 inch, 1280x720, 8 MPixel, 133 gram"
"€ 112,50",Samsung Galaxy Young Duo Blue,"Android, 3.3 inch, 480x320, 3.2 MPixel, 112 gram"
"€ 104,62",Sony Xperia E1 Black,"Android, Qualcomm Snapdragon 200 (8210), 4 inch, 800x480, 3.15 MPixel, 120 gram"
"€ 341,36",Apple iPhone 4S 8GB Black,"iOS, Apple A5, 3.5 inch, 960x640, 8 MPixel, 140 gram"
,,
"€ 741,65",Apple iPhone 6 16GB Gold,"iOS, Apple A8, 4.7 inch, 1334x750, 8 MPixel, 129 gram"
"€ 294,10",Huawei Ascend P6 Black,"Android, Huawei K3V2 Hi3620, 4.7 inch, 1280x720, 8 MPixel, 120 gram"
"€ 228,69",LG Optimus L9 GP760 Black,"Android, Texas Instruments OMAP 4430, 4.7 inch, 960x540, 5 MPixel, 124 gram"
"€ 183,30",Motorola Moto G (2014) White,"Android, Qualcomm Snapdragon 400, 5 inch, 1280x720, 8 MPixel, 149 gram"
"€ 136,67",Samsung Galaxy Ace 2 Onyx Black ,"Android, ST-Ericsson NovaThor U8500, 3.8 inch, 800x480, 5 MPixel, 116 gram"
,Samsung Galaxy S i9000 Black,"Android, Samsung S5PC110, 4 inch, 800x480, 5 MPixel, 119 gram"
"€ 417,33",Samsung Galaxy S4 White,"Android, Qualcomm Snapdragon 600 (8064T), 5 inch, 1920x1080, 13 MPixel, 130 gram"
"€ 167,82",Sony Xperia L Black,"Android, Qualcomm Snapdragon S4 Plus (MSM8230), 4.3 inch, 854x480, 8 MPixel, 135 gram"
"€ 849,10",Apple iPhone 6 Plus 16GB Grey,"iOS, Apple A8, 5.5 inch, 1920x1080, 8 MPixel, 172 gram"
"€ 194,09",Archos 64 Xenon,"Android, MediaTek MT6589, 6.4 inch, 1280x720, 8 MPixel, 232 gram"
"€ 300,01",Nokia Lumia 925 Black,"Windows Phone, 4.5 inch, 1280x768, 8.7 MPixel, 139 gram"
"€ 450,39",Nokia Lumia 930 Green,"Windows Phone, Qualcomm Snapdragon 800 (8974), 5 inch, 1920x1080, 20 MPixel, 166 gram"
"€ 174,64",Samsung Galaxy Core Blue,"Android, 4.3 inch, 800x480, 5 MPixel, 124 gram"
"€ 306,40",Acer Liquid Jade Plus White,"Android, 5 inch, 1280x720, 13 MPixel"
"€ 682,81",Apple iPhone 5 16GB White,"iOS, Apple A6, 4 inch, 1136x640, 8 MPixel, 112 gram"
"€ 946,81",Apple iPhone 6 128GB Silver,"iOS, Apple A8, 4.7 inch, 1334x750, 8 MPixel, 129 gram"
,HTC Desire Z,"Android, Qualcomm Snapdragon S2 (MSM7230), 3.7 inch, 800x480, 5 MPixel, 180 gram"
,LG P880 Optimus 4X HD Black,"Android, Nvidia Tegra 3, 4.7 inch, 1280x720, 8 MPixel, 140 gram"
"€ 128,71",Nokia 515 Black (dual sim),"2.4 inch, 320x240, 5 MPixel, 101.1 gram"
"€ 512,70",Nokia Lumia 1520 Black,"Windows Phone, Qualcomm Snapdragon 800 (8974), 6 inch, 1920x1080, 20 MPixel, 209 gram"
,Samsung Galaxy Nexus Black,"Android, Texas Instruments OMAP 4460, 4.65 inch, 1280x720, 5 MPixel, 135 gram"
"€ 155,97",Samsung Galaxy S III Mini Lite Blue,"Android, 4 inch, 800x480, 5 MPixel, 112 gram"
"€ 191,75",Samsung Galaxy Xcover 2 Grey,"Android, ST-Ericsson NovaThor U8500, 4 inch, 800x480, 5 MPixel, 148.5 gram"
,Sony Xperia U ST25i Pink,"Android, ST-Ericsson NovaThor U8500, 3.5 inch, 854x480, 5 MPixel, 111 gram"
,Alcatel One Touch 991D Dual Sim Black,"Android, MediaTek MT6573, 4 inch, 480x320, 3.1 MPixel, 135 gram"
"€ 292,05",BlackBerry Q10 Black,"BlackBerry OS, 3.1 inch, 8 MPixel, 139 gram"
,HTC One X 32GB Black,"Android, Nvidia Tegra 3, 4.7 inch, 1280x720, 8 MPixel, 133 gram"
"€ 409,91",Nokia Lumia 830 Green,"Windows Phone, 5 inch, 1280x720, 10 MPixel, 150 gram"
"€ 442,21",Samsung Galaxy K Zoom Black,"Android, Samsung Exynos 5260, 4.8 inch, 1280x720, 20.7 MPixel, 200 gram"
"€ 270,03",Samsung Galaxy S4 Mini White,"Android, Qualcomm Snapdragon 400 (8930AB), 4.3 inch, 960x540, 8 MPixel, 110 gram"
"€ 133,31",Wiko Bloom Pink,"Android, 4.7 inch, 800x480, 5 MPixel, 145 gram"
"€ 230,48",Acer Liquid S1 Duo Black,"Android, MediaTek MT6589, 5.7 inch, 1280x720, 8 MPixel, 194.1 gram"
"€ 330,44",HTC Desire 816 Grey,"Android, Qualcomm Snapdragon 400 (8928), 5.5 inch, 1280x720, 13 MPixel, 165 gram"
,HTC Desire S,"Android, Qualcomm Snapdragon S2 (MSM8255), 3.7 inch, 800x480, 5 MPixel, 130 gram"
"€ 252,89",Huawei Ascend G700 White,"Android, MediaTek MT6589, 5 inch, 1280x720, 8 MPixel, 155 gram"
"€ 122,65",Huawei Y530 Black,"Android, 4.5 inch, 5 MPixel, 145 gram"
,LG P990 Optimus 2X Speed Black,"Android, Nvidia Tegra 2, 4 inch, 800x480, 8 MPixel, 139 gram"
"€ 424,41",Nokia Lumia 1020 32GB Black,"Windows Phone, 4.5 inch, 1280x720, 41 MPixel, 158 gram"
"€ 585,28",Samsung Galaxy Alpha White,"Android, 4.7 inch, 1280x720, 12 MPixel, 114 gram"
"€ 370,70",Samsung Galaxy Note 3 Neo Black,"Android, 5.5 inch, 1920x1080, 8 MPixel, 162.5 gram"
"€ 541,36",Samsung Galaxy S4 Active Blue,"Android, Qualcomm Snapdragon 600 (8064T), 5 inch, 1920x1080, 8 MPixel, 151 gram"
"€ 179,08",Samsung Galaxy Xcover Orange,"Android, Marvell MG2, 3.7 inch, 480x320, 3.0 MPixel, 140 gram"
,Sony Xperia U ST25i White,"Android, ST-Ericsson NovaThor U8500, 3.5 inch, 854x480, 5 MPixel, 110 gram"
,Alcatel One Touch 995 Black,"Android, Qualcomm Snapdragon S2 (MSM8255T), 4.3 inch, 800x480, 5 MPixel, 125 gram"
"€ 617,06",Apple iPhone 5s 16GB Silver,"iOS, Apple A7, 4 inch, 1136x640, 8 MPixel, 112 gram"
"€ 195,47",Archos 50c Oxygen,"Android, MediaTek MT6592, 5 inch, 1280x720, 8 MPixel, 136 gram"
"€ 199,48",Huawei Ascend G620 White,"Android, 5 inch, 1280x720, 8 MPixel, 160 gram"
"€ 362,19",Motorola Moto X Black,"Android, 4.7 inch, 1280x720, 10 MPixel, 130 gram"
"€ 50,11",Nokia 225 Black (dual sim),"2.8 inch, 320x240, 2 MPixel, 100.6 gram"
"€ 261,40",Nokia Lumia 1320 White,"Windows Phone, Qualcomm Snapdragon 400 (8930AB), 6 inch, 1280x720, 5 MPixel, 220 gram"
,,
,OnePlus One 16GB White,"Android, Qualcomm Snapdragon 801 (8974AB), 5.5 inch, 1920x1080, 13 MPixel, 162 gram"
"€ 112,23",Samsung Galaxy Fame White,"Android, Broadcom BCM21654G, 3.5 inch, 480x320, 5 MPixel, 125 gram"
"€ 218,69",Samsung Galaxy S II Plus Blue,"Android, 4.3 inch, 800x480, 8 MPixel, 121 gram"
"€ 222,45",Samsung Galaxy S III Neo Black,"Android, 4.8 inch, 1280x720, 8 MPixel, 132 gram"
"€ 217,58",Sony Xperia M2 Black,"Android, Qualcomm Snapdragon 400 (8926), 4.8 inch, 960x540, 8 MPixel, 148 gram"
"€ 381,28",Sony Xperia Z Black,"Android, Qualcomm Snapdragon S4 Pro (APQ8064), 5 inch, 1920x1080, 13 MPixel, 144 gram"
"€ 591,77",BlackBerry Passport Black,"BlackBerry OS, 4.5 inch, 13 MPixel, 196 gram"
"€ 250,38",HTC Desire 610 Blue,"Android, Qualcomm Snapdragon 400 (8926), 4.7 inch, 960x540, 8 MPixel, 143.5 gram"
"€ 420,00",HTC One Gold,"Android, Qualcomm Snapdragon 600 (8064T), 4.7 inch, 1920x1080, 4.1 MPixel, 145 gram"
,HTC One S Black,"Android, Qualcomm Snapdragon S4 Plus (MSM8260A), 4.3 inch, 960x540, 8 MPixel, 119.2 gram"
"€ 191,75",LG F60 Black,"Android, Qualcomm Snapdragon 410 (8916), 4.5 inch, 800x480, 5 MPixel"
"€ 163,75",LG L70+ Black,"Android, 4.5 inch, 800x480, 8 MPixel, 144 gram"
"€ 252,22",Nokia Lumia 1320 Black,"Windows Phone, 6 inch, 1280x720, 5 MPixel, 220 gram"
"€ 140,46",Nokia Lumia 520 Black,"Windows Phone, Qualcomm Snapdragon S4 Plus (MSM8227), 4 inch, 800x480, 5 MPixel, 124 gram"
"€ 194,90",Samsung Galaxy Ace 4 Grey,"Android, 4 inch, 800x480, 5 MPixel, 130 gram"
"€ 492,66",Samsung Galaxy Mega Black,"Android, Qualcomm Snapdragon 400 (8930AB), 6.3 inch, 1280x720, 8 MPixel, 200 gram"
"€ 89,21",Samsung Galaxy Pocket Neo Black,"Android, 3 inch, 320x240, 2 MPixel, 100.2 gram"
,Sony Ericsson Xperia Ray ST18i Black,"Android, Qualcomm Snapdragon S2 (MSM8255), 3.3 inch, 854x480, 8.1 MPixel, 98.9 gram"
"€ 175,25",Sony Xperia E3 Yellow,"Android, 4.5 inch, 854x480, 5 MPixel, 143.8 gram"
"€ 137,99",Sony Xperia M White,"Android, Qualcomm Snapdragon S4 Plus (MSM8227), 4 inch, 854x480, 5 MPixel, 115 gram"
"€ 623,39",Sony Xperia Z3 Green,"Android, Qualcomm Snapdragon 801 (8974AC), 5.2 inch, 1920x1080, 20.7 MPixel, 152 gram"
"€ 223,38",Alcatel One Touch Idol Ultra,"Android, MediaTek MT6577, 4.7 inch, 1280x720, 8 MPixel, 125 gram"
"€ 1.053,16",Apple iPhone 6 Plus 128GB Gold,"iOS, Apple A8, 5.5 inch, 1920x1080, 8 MPixel, 172 gram"
"€ 128,02",Archos 50b Platinum,"Android, 5 inch, 960x540, 8 MPixel, 160 gram"
"€ 256,90",HTC Desire 610 White,"Android, Qualcomm Snapdragon 400 (8926), 4.7 inch, 960x540, 8 MPixel, 143.5 gram"
"€ 580,84",HTC Desire Eye Red,"Android, 5.2 inch, 1920x1080, 13 MPixel, 154 gram"
"€ 252,89",Huawei Ascend G700 Black,"Android, MediaTek MT6589, 5 inch, 1280x720, 8 MPixel, 155 gram"
,LG G3 16GB Red,"Android, Qualcomm Snapdragon 801 (8974AC), 5.5 inch, 2560x1440, 13 MPixel, 149 gram"
"€ 304,87",LG G3 s Black,"Android, 5 inch, 1280x720, 8 MPixel, 134 gram"
"€ 189,97",LG L90 White,"Android, Qualcomm Snapdragon 400, 4.7 inch, 960x540, 8 MPixel, 126 gram"
"€ 162,83",Nokia Lumia 635 Black,"Windows Phone, Qualcomm Snapdragon 400 (8626), 4.5 inch, 854x480, 5 MPixel, 134 gram"
"€ 265,75",Nokia Lumia 735 Orange,"Windows Phone, 4.7 inch, 1280x720, 6.7 MPixel, 134.3 gram"
"€ 283,15",Nokia Lumia 735 White,"Windows Phone, 4.7 inch, 1280x720, 6.7 MPixel, 134.3 gram"
"€ 465,70",Nokia Lumia 930 Orange,"Windows Phone, Qualcomm Snapdragon 800, 5 inch, 1920x1080, 20 MPixel, 167 gram"
"€ 159,00",Samsung Galaxy Core 2 Black,"Android, 4.5 inch, 800x480, 5 MPixel, 138 gram"
"€ 97,26",Samsung Galaxy Fame Lite Black,"Android, 3.5 inch, 480x320, 3 MPixel, 119.8 gram"
"€ 87,35",Samsung Galaxy Mini 2 S6500,"Android, Qualcomm Snapdragon S1 (MSM7227A), 3.27 inch, 480x320, 3 MPixel, 105 gram"
"€ 168,68",Samsung Galaxy S III Mini Blue,"Android, ST-Ericsson NovaThor U8420, 4 inch, 800x480, 5 MPixel, 111.5 gram"
"€ 367,90",Samsung Galaxy S5 Mini Gold,"Android, Samsung Exynos 3470, 4.5 inch, 1280x720, 8 MPixel, 120 gram"
"€ 508,74",Sony Xperia Z2 White,"Android, Qualcomm Snapdragon 801 (8974AB), 5.2 inch, 1920x1080, 20.7 MPixel, 163 gram"
"€ 204,72",Acer Liquid E700 Black,"Android, MediaTek MT6582, 5 inch, 1280x720, 8 MPixel, 156 gram"
"€ 61,22",Alcatel One Touch 20.01 Senior Black,"2.4 inch, 2 MPixel, 89 gram"
"€ 544,00",Apple iPhone 4S 32GB Black,"iOS, Apple A5, 3.5 inch, 960x640, 8 MPixel, 140 gram"
"€ 1.057,57",Apple iPhone 6 Plus 128GB Silver,"iOS, Apple A8, 5.5 inch, 1920x1080, 8 MPixel, 172 gram"
"€ 936,73",Apple iPhone 6 Plus 64GB Gold,"iOS, Apple A8, 5.5 inch, 1920x1080, 8 MPixel, 172 gram"
"€ 353,51",HTC Desire 816 White,"Android, Qualcomm Snapdragon 400 (8928), 5.5 inch, 1280x720, 13 MPixel, 165 gram"
"€ 417,12",HTC One Blue,"Android, 4.7 inch, 1920x1080, 2.1 MPixel, 143 gram"
"€ 390,06",HTC One Mini 2 Silver,"Android, Qualcomm Snapdragon 400 (8926), 4.5 inch, 1280x720, 13 MPixel, 136.9 gram"
"€ 143,64",LG L65 Black,"Android, 4.3 inch, 800x480, 5 MPixel, 127 gram"
"€ 66,72",Nokia Asha 210 Yellow,"2.4 inch, 320x240, 2 MPixel, 99.5 gram"
,,
"€ 390,72",Samsung Galaxy EXpress White,"Android, 4.5 inch, 800x480, 5 MPixel, 137 gram"
"€ 182,37",Samsung Galaxy Grand Neo Black,"Android, 5.1 inch, 800x480, 5 MPixel, 163 gram"
"€ 120,16",Samsung Galaxy Trend Plus White,"Android, 4 inch, 800x480, 5 MPixel, 118 gram"
"€ 111,75",Samsung Galaxy Y Duos Black,"Android, 3.14 inch, 320x240, 3.2 MPixel, 109 gram"
"€ 422,73",Sony Xperia Z1 Purple,"Android, Qualcomm Snapdragon 800 (8974), 5 inch, 1920x1080, 20.7 MPixel, 170 gram"
"€ 219,49",Wiko Highway Signs Black,"4.7 inch, 8 MPixel, 119 gram"
"€ 120,46",Alcatel One Touch Pop C7 Black,"Android, MediaTek MT6582M, 5 inch, 854x480, 8 MPixel, 165 gram"
,Apple iPhone 4 16GB Black,"iOS, Apple A4, 3.5 inch, 960x640, 5 MPixel, 140.3 gram"
"€ 108,93",Archos 45c Platinum,"Android, 4.5 inch, 854x480, 5 MPixel, 138 gram"
"€ 143,56",Archos 50 Platinum,"Android, Qualcomm Snapdragon S4 (MSM8225Q), 5 inch, 960x540, 8 MPixel, 160 gram"
"€ 249,99",BlackBerry Z10 Black,"BlackBerry OS, Qualcomm Snapdragon S4 Plus (MSM8960), 4.2 inch, 1280x768, 8 MPixel, 137.5 gram"
"€ 457,90",HTC Desire HD,"Android, Qualcomm Snapdragon S2 (MSM8255), 4.3 inch, 800x480, 8 MPixel, 166 gram"
,HTC One Dual Sim Silver,
"€ 388,16",HTC One Mini 2 Grey,"Android, Qualcomm Snapdragon 400 (8926), 4.5 inch, 1280x720, 13 MPixel, 136.9 gram"
"€ 540,86",HTC One X White,"Android, Nvidia Tegra 3, 4.7 inch, 1280x720, 8 MPixel, 133 gram"
"€ 228,69",HTC Windows Phone 8S Black/White,"Windows Phone, Qualcomm Snapdragon S4 Plus (MSM8227), 4 inch, 800x480, 5 MPixel, 113 gram"
"€ 178,15",Huawei Ascend G6 Black,"Android, Qualcomm Snapdragon 400 (8926), 4.5 inch, 960x540, 8 MPixel, 115 gram"
"€ 522,42",Motorola Moto X (2014) Leather,"Android, 5.2 inch, 1920x1080, 13 MPixel, 144 gram"
,Motorola Nexus 6 White,"Android, Qualcomm Snapdragon 805 (APQ8084), 5.96 inch, 2560x1440, 13 MPixel, 184 gram"
"€ 340,66",Nokia Lumia 830 White,"Windows Phone, Qualcomm Snapdragon 400, 5 inch, 1280x720, 10 MPixel, 150 gram"
"€ 344,64",Nokia Lumia 925 Grey,"Windows Phone, 4.5 inch, 1280x768, 8.7 MPixel, 139 gram"
,Samsung Galaxy Note Black,"Android, Samsung Exynos 4210, 5.3 inch, 1280x800, 8 MPixel, 178 gram"
,Samsung Galaxy Note II Grey,"Android, Samsung Exynos 4412, 5.5 inch, 1280x720, 8 MPixel, 180 gram"
"€ 73,80",Samsung Galaxy Pocket Neo White,"Android, 3 inch, 320x240, 2 MPixel, 100.2 gram"
"€ 172,68",Sony Xperia E3 Black,"Android, 4.5 inch, 854x480, 5 MPixel, 143.8 gram"
"€ 330,58",Sony Xperia V LT25i Black,"Android, Qualcomm Snapdragon S4 Plus (MSM8960), 4.3 inch, 1280x720, 13 MPixel, 118 gram"
"€ 72,76",Wiko Ozzy White,"Android, 3.5 inch, 480x320, 2 MPixel, 109 gram"
,ASUS PadFone 2 64GB Black,"Android, Qualcomm Snapdragon S4 Pro (APQ8064), 4.7 inch, 1280x720, 1.2 MPixel, 135 gram"
"€ 87,88",Acer Liquid Z200 Duo Black,"Android, MediaTek MT6572, 4 inch, 800x480, 2 MPixel, 133 gram"
"€ 145,70",Acer Liquid Z500 Silver,"Android, MediaTek MT6582, 5 inch, 1280x720, 8 MPixel"
,Alcatel One Touch 20.12G Dark Chocolate,
"€ 89,47",Alcatel One Touch Pop C5 Grey,"Android, 4.5 inch, 854x480, 5 MPixel, 157 gram"
"€ 355,02",Apple iPhone 4S 8GB White,"iOS, Apple A5, 3.5 inch, 960x640, 8 MPixel, 140 gram"
"€ 616,85",Apple iPhone 5s 16GB Gold,"iOS, Apple A7, 4 inch, 1136x640, 8 MPixel, 112 gram"
"€ 944,97",Apple iPhone 6 128GB Gold,"iOS, Apple A8, 4.7 inch, 1334x750, 8 MPixel, 129 gram"
"€ 960,67",Apple iPhone 6 128GB Grey,"iOS, Apple A8, 4.7 inch, 1334x750, 8 MPixel, 129 gram"
"€ 836,25",Apple iPhone 6 Plus 16GB Gold,"iOS, Apple A8, 5.5 inch, 1920x1080, 8 MPixel, 172 gram"
"€ 107,21",Archos 50 Titanium (dual sim),"Android, 5 inch, 960x540, 5 MPixel, 160 gram"
,BlackBerry Torch 9800 White Qwerty,"BlackBerry OS, 3.2 inch, 5 MPixel, 161.1 gram"
"€ 346,70",Huawei Ascend P6 White,"Android, Huawei K3V2 Hi3620, 4.7 inch, 1280x720, 8 MPixel, 120 gram"
"€ 215,00",Huawei Ascend W1 Black,"Windows Phone, 4 inch, 800x480, 5 MPixel, 124 gram"
"€ 157,03",LG Fino Black,"Android, 4.5 inch, 800x480, 8 MPixel, 144 gram"
"€ 363,59",LG G2 16GB White,"Android, Qualcomm Snapdragon 800 (8974), 5.2 inch, 1920x1080, 13 MPixel, 143 gram"
"€ 89,17",LG L40 Black,"Android, 3.5 inch, 480x320, 3 MPixel, 114 gram"
"€ 141,09",LG L70 White,"Android, Qualcomm Snapdragon 200 (8210), 4.5 inch, 800x480, 5 MPixel, 133 gram"
"€ 101,73",Nokia Lumia 530 Orange (dual sim),"Windows Phone, Qualcomm Snapdragon 200 (8212), 4 inch, 854x480, 5 MPixel, 129 gram"
"€ 320,71",Nokia Lumia 730 Green,"Windows Phone, 4.7 inch, 1280x720, 6.7 MPixel, 130.4 gram"
,Nokia Lumia 820 Blue,"Windows Phone, 4.3 inch, 800x480, 8 MPixel, 160 gram"
"€ 409,91",Nokia Lumia 830 Orange,"Windows Phone, 5 inch, 1280x720, 10 MPixel, 150 gram"
"€ 652,18",Nokia Lumia 920 Black,"Windows Phone, Qualcomm Snapdragon S4 Plus (MSM8960), 4.5 inch, 1280x768, 8.7 MPixel, 186 gram"
,,
"€ 260,76",Samsung Galaxy S III 16GB White,"Android, Samsung Exynos 4412, 4.8 inch, 1280x720, 8 MPixel, 133 gram"
,Samsung Galaxy S III 64GB Blue,"Android, Samsung Exynos 4412, 4.8 inch, 1280x720, 8 MPixel, 133 gram"
"€ 558,08",Samsung Galaxy S5 White,"Android, Qualcomm Snapdragon 801 (8974AC), 5.1 inch, 1920x1080, 16 MPixel, 145 gram"
,Samsung Galaxy Y S5360 Pink,"Android, Broadcom BCM21553, 3 inch, 320x240, 2 MPixel, 97 gram"
"€ 154,98",Sony Xperia J ST26i Black,"Android, Qualcomm Snapdragon S1 (MSM7225), 4 inch, 854x480, 5 MPixel, 130 gram"
"€ 287,47",Sony Xperia SP White,"Android, Qualcomm Snapdragon S4 Pro (MSM8960T), 4.6 inch, 1280x720, 8 MPixel, 155 gram"
"€ 316,65",Sony Xperia T3 Black,"Android, 5.3 inch, 1920x1080, 8 MPixel, 148 gram"
"€ 521,50",Sony Xperia Z2 Purple,"Android, Qualcomm Snapdragon 801 (8974AB), 5.2 inch, 1920x1080, 20.7 MPixel, 163 gram"
"€ 162,09",Wiko Birdy Pink,"Android, 4.5 inch, 5 MPixel, 141 gram"
"€ 162,09",Wiko Birdy Turquoise,"Android, 4.5 inch, 5 MPixel, 141 gram"
"€ 108,99",Wiko Lenny Black,"Android, 5 inch, 854x480, 5 MPixel, 174 gram"
"€ 205,21",Wiko Wax Black,"Android, Nvidia Tegra 4i, 4.7 inch, 1280x720, 8 MPixel, 119 gram"
"€ 336,88",Alcatel One Touch Hero 8020D 16GB Black,"Android, 6 inch, 1920x1080, 13 MPixel, 177.6 gram"
"€ 90,12",Alcatel One Touch Pop D3 DS White,
"€ 108,72",Alcatel One Touch Pop D5 White,
"€ 560,91",Apple iPhone 4S 16GB White,"iOS, Apple A5, 3.5 inch, 960x640, 8 MPixel, 140 gram"
"€ 125,22",Doro Liberto 650,"2.4 inch, 320x240, 2 MPixel, 110 gram"
"€ 147,20",HTC Desire 310 Blue,"Android, 4.5 inch, 854x480, 5 MPixel, 140 gram"
"€ 385,16",HTC One Mini 2 Gold,"Android, Qualcomm Snapdragon 400 (8926), 4.5 inch, 1280x720, 13 MPixel, 136.9 gram"
,HTC Windows Phone 8X Blue,"Windows Phone, Qualcomm Snapdragon S4 Plus (MSM8260A), 4.3 inch, 1280x720, 8 MPixel, 128 gram"
"€ 213,01",Huawei Ascend G6 4G White,"Android, Qualcomm Snapdragon 400 (8926), 4.5 inch, 960x540, 8 MPixel, 115 gram"
"€ 261,38",Huawei Ascend G750 White,"Android, 5.5 inch, 1280x720, 13 MPixel, 162 gram"
"€ 78,10",Huawei Ascend Y210,"Android, Qualcomm Snapdragon S1 (MSM7225), 3.5 inch, 480x320, 2 MPixel, 120 gram"
"€ 306,25",LG G3 s Gold,"Android, 5 inch, 1280x720, 8 MPixel, 134 gram"
"€ 348,18",LG Nexus 5 16GB White,"Android, Qualcomm Snapdragon 800 (8974), 5 inch, 1920x1080, 8 MPixel, 130 gram"
"€ 531,54",Motorola Moto X (2014) Bamboo,"Android, 5.2 inch, 1920x1080, 13 MPixel, 144 gram"
"€ 538,06",Motorola Moto X (2014) White,"Android, 5.2 inch, 1920x1080, 13 MPixel, 144 gram"
"€ 31,10",Nokia 130 Black,"1.8 inch, 68.6 gram"
"€ 320,71",Nokia Lumia 730 Orange,"Windows Phone, 4.7 inch, 1280x720, 6.7 MPixel, 130.4 gram"
"€ 490,04",Nokia Lumia 820 Red,"Windows Phone, 4.3 inch, 800x480, 8 MPixel, 160 gram"
"€ 380,37",Samsung Ativ S Silver,"Windows Phone, 4.8 inch, 1280x720, 8 MPixel, 135 gram"
"€ 156,94",Samsung Galaxy Core 2 White,"Android, 4.5 inch, 800x480, 5 MPixel, 138 gram"
"€ 351,38",Samsung Galaxy Mega White,"Android, 6.3 inch, 1280x720, 8 MPixel, 199 gram"
"€ 473,37",Samsung Galaxy Note 3 Gold,"Android, 5.7 inch, 1920x1080, 13 MPixel, 168 gram"
"€ 515,55",Samsung Galaxy Note 3 White,"Android, Qualcomm Snapdragon 800 (8974), 5.7 inch, 1920x1080, 13 MPixel, 168 gram"
"€ 284,79",Samsung Galaxy S III 16GB Black,"Android, Samsung Exynos 4412, 4.8 inch, 1280x720, 8 MPixel, 133 gram"
,Samsung Galaxy S III 32GB Blue,"Android, Samsung Exynos 4412, 4.8 inch, 1280x720, 8 MPixel, 133 gram"
"€ 216,09",Wiko Getaway White,"Android, 5 inch, 1280x720, 13 MPixel, 133 gram"
"€ 164,58",Wiko Rainbow Pink,"Android, 5 inch, 1280x720, 8 MPixel, 167 gram"
"€ 186,96",Wiko Slide Black,"Android, 5.5 inch, 960x540, 8 MPixel, 166 gram"
"€ 208,57",Wiko Wax Turquoise,"Android, Nvidia Tegra 4i, 4.7 inch, 1280x720, 8 MPixel, 119 gram"
,Acer Liquid EXpress E320 White,"Android, Qualcomm Snapdragon S1 (MSM7227), 3.5 inch, 480x320, 5 MPixel, 138 gram"
"€ 60,90",Alcatel One Touch 20.12G Soft Gold,
"€ 130,25",Alcatel One Touch 4G White,
,Alcatel One Touch 916D,"Android, 2.6 inch, 320x240, 3.2 MPixel, 126 gram"
"€ 307,77",Alcatel One Touch Idol X Plus Black,"5 inch, 1920x1080, 13.1 MPixel"
"€ 171,40",Alcatel One Touch Pop C9 White,1920x1080
,Apple iPhone 3GS 16GB Black,"iOS, 3.5 inch, 480x320, 3.2 MPixel, 135 gram"
"€ 838,39",Apple iPhone 5 32GB Black,"iOS, Apple A6, 4 inch, 1136x640, 8 MPixel, 112 gram"
"€ 564,30",Apple iPhone 5c 16GB Blue,"iOS, Apple A6, 4 inch, 1136x640, 8 MPixel, 132 gram"
,,
"€ 424,54",Apple iPhone 5c 8GB White,"iOS, Apple A6, 4 inch, 1136x640, 8 MPixel, 132 gram"
"€ 858,02",Apple iPhone 5s 64GB Gold,"iOS, Apple A7, 4 inch, 1136x640, 8 MPixel, 112 gram"
"€ 841,02",Apple iPhone 6 64GB Gold,"iOS, Apple A8, 4.7 inch, 1334x750, 8 MPixel, 129 gram"
,Archos 53 Titanium Black,
"€ 315,80",BlackBerry Bold 9790 Black,"BlackBerry OS, Marvel Tavor MG1, 2.45 inch, 480x360, 5 MPixel, 107 gram"
"€ 399,86",HTC One Mini Blue,"Android, 4.3 inch, 1280x720, 4 MPixel, 122 gram"
"€ 281,30",HTC One SV Blue,"Android, 4.3 inch, 800x480, 5 MPixel, 122 gram"
"€ 148,32",Huawei Ascend G510 Black,"Android, 4.5 inch, 854x480, 5 MPixel, 150 gram"
"€ 176,52",Huawei Ascend G6 White,"Android, Qualcomm Snapdragon 400 (8926), 4.5 inch, 960x540, 8 MPixel, 115 gram"
"€ 210,02",Huawei Ascend G620s Black,"Android, 5 inch, 8 MPixel, 160 gram"
"€ 183,79",Huawei Ascend G630 Black,"Android, 5 inch, 1280x720, 8 MPixel, 165 gram"
"€ 296,96",Huawei Ascend G7 Grey,"Android, Qualcomm Snapdragon 410 (8916), 5.5 inch, 1280x720, 13 MPixel, 165 gram"
"€ 296,61",Huawei Ascend G7 Silver,"Android, Qualcomm Snapdragon 410 (8916), 5.5 inch, 1280x720, 13 MPixel, 165 gram"
"€ 395,14",Huawei Ascend P2,"Android, Huawei K3V2 Hi3620, 4.7 inch, 1280x720, 13 MPixel, 125 gram"
"€ 338,65",Huawei Ascend P7 White,"Android, Hisilicon Kirin 910T, 5 inch, 1920x1080, 13 MPixel, 125 gram"
,LG G2 32GB White,"Android, Qualcomm Snapdragon 800 (8974), 5.2 inch, 1920x1080, 13 MPixel, 143 gram"
"€ 596,68",LG G3 32GB Gold,"Android, Qualcomm Snapdragon 801 (8974AC), 5.5 inch, 2560x1440, 13 MPixel, 149 gram"
"€ 170,96",LG Optimus F5 Black,"Android, Qualcomm Snapdragon S4 Plus (MSM8960), 4.3 inch, 960x540, 5 MPixel, 130 gram"
"€ 449,46",LG Optimus G Pro White,"Android, Qualcomm Snapdragon 600 (8064T), 5.5 inch, 1920x1080, 13 MPixel, 172 gram"
"€ 84,43",LG Optimus L3 II Black,"Android, Qualcomm Snapdragon S1 (MSM7225A), 3.2 inch, 320x240, 3 MPixel, 106.4 gram"
"€ 30,10",Nokia 108 Black,"1.8 inch, 320x240, 0.3 MPixel, 70.2 gram"
"€ 59,93",Nokia 206 Yellow,"2.4 inch, 320x240, 1.3 MPixel, 91 gram"
"€ 79,12",Nokia 301 Black (dual sim),"2.4 inch, 320x240, 3.2 MPixel, 102 gram"
"€ 516,82",Nokia Lumia 1020 32GB Yellow,"Windows Phone, 4.5 inch, 1280x720, 41 MPixel, 158 gram"
"€ 192,47",Nokia Lumia 620 Yellow,"Windows Phone, Qualcomm Snapdragon S4 Plus (MSM8227), 3.8 inch, 800x480, 5 MPixel, 127 gram"
"€ 147,41",Nokia Lumia 630 Black (dual sim),"Windows Phone, Qualcomm Snapdragon 400 (8626), 4.5 inch, 854x480, 5 MPixel, 134 gram"
"€ 129,02",Nokia Lumia 630 White,"Windows Phone, Qualcomm Snapdragon 400 (8626), 4.5 inch, 854x480, 5 MPixel, 134 gram"
"€ 451,48",Nokia Lumia 930 White,"Windows Phone, Qualcomm Snapdragon 800, 5 inch, 1920x1080, 20 MPixel, 167 gram"
"€ 21,01",Samsung E1200i White,"1.52 inch, 65 gram"
"€ 24,17",Samsung E1280 Blue,"1.77 inch, 75.4 gram"
"€ 149,99",Samsung Galaxy S Duos White,"Android, 4 inch, 800x480, 5 MPixel, 120 gram"
"€ 373,66",Samsung Galaxy S4 Zoom Black,"Android, Samsung Exynos 4212, 4.3 inch, 960x540, 16 MPixel, 208 gram"
"€ 453,75",Samsung Galaxy S4 Zoom White,"Android, Samsung Exynos 4212, 4.3 inch, 960x540, 16 MPixel, 210 gram"
"€ 379,14",Samsung Galaxy S5 Mini Blue,"Android, Samsung Exynos 3470, 4.5 inch, 1280x720, 8 MPixel, 120 gram"
"€ 90,92",Samsung Galaxy Young 2 White,"Android, 3.5 inch, 480x320, 3 MPixel, 108 gram"
,Sony Ericsson Xperia Ray ST18i Gold,"Android, Qualcomm Snapdragon S2 (MSM8255), 3.3 inch, 854x480, 8.1 MPixel, 98.9 gram"
"€ 107,10",Sony Xperia E1 White,"Android, Qualcomm Snapdragon 200 (8210), 4 inch, 800x480, 3.15 MPixel, 120 gram"
,Sony Xperia ZR Mint,"Android, Qualcomm Snapdragon S4 Pro (APQ8064), 4.6 inch, 1280x720, 13 MPixel, 140 gram"
"€ 62,30",Vodafone Smart 4 Mini,"Android, MediaTek MT6572, 4 inch, 800x480, 3.2 MPixel, 115 gram"
"€ 165,33",Wiko Rainbow Black,"Android, 5 inch, 1280x720, 8 MPixel, 167 gram"
,Yarvik Ingenia Nimity,"Android, 4 inch, 640x360, 5 MPixel, 136 gram"
,ASUS ZenFone 5 Black,
,Acer Liquid Gallant E350 Black,"Android, 4.3 inch, 960x540, 5 MPixel, 145 gram"
"€ 136,79",Acer Liquid Z3 Duo Black,"Android, MediaTek MT6572, 3.5 inch, 480x320, 3 MPixel, 112 gram"
"€ 146,34",Acer Liquid Z5 Duo Grey,"Android, MediaTek MT6572, 5 inch, 854x480, 5 MPixel, 147 gram"
"€ 153,06",Acer Liquid Z5 Duo White,"Android, MediaTek MT6572, 5 inch, 854x480, 5 MPixel, 147 gram"
"€ 60,90",Alcatel One Touch 20.12G White,
"€ 180,06",Alcatel One Touch Fire E Orange,
"€ 206,93",Alcatel One Touch Idol 2 Mini S 6036Y 8GB Grey,4.5 inch
"€ 166,31",Alcatel One Touch Idol 2 Mini S 6036Y 8GB White,4.5 inch
,,
"€ 46,45",Alcatel One Touch T'Pop 4010D Black,"3.5 inch, 480x320, 3.2 MPixel"
,Apple iPhone 4 32GB Black,"iOS, 3.5 inch, 960x640, 5 MPixel, 137 gram"
"€ 432,32",Apple iPhone 5c 8GB Blue,"iOS, Apple A6, 4 inch, 1136x640, 8 MPixel, 132 gram"
"€ 695,44",Apple iPhone 5s 32GB Black,"iOS, Apple A7, 4 inch, 1136x640, 8 MPixel, 112 gram"
"€ 857,70",Apple iPhone 5s 64GB Black,"iOS, Apple A7, 4 inch, 1136x640, 8 MPixel, 112 gram"
"€ 89,00",Archos 45 Titanium (dual sim),
"€ 83,08",Bea-fon SL650 Red,"2.4 inch, 320x240, 2 MPixel, 78 gram"
"€ 99,75",Bea-fon T850 Black,"3.5 inch, 480x320, 2 MPixel"
"€ 219,44",BlackBerry Q5 Black,"BlackBerry OS, 3.1 inch, 1920x1080, 5 MPixel, 120 gram"
"€ 239,33",BlackBerry Z10 White,"BlackBerry OS, Qualcomm Snapdragon S4 Plus (MSM8960), 4.2 inch, 1280x720, 8 MPixel, 137.5 gram"
"€ 171,61",Doro Secure 580 IUP White,100 gram
,Google Nexus One,"Android, 3.7 inch, 800x480, 5 MPixel, 130 gram"
"€ 197,12",HTC Desire 510 Grey,"Android, Qualcomm Snapdragon 410 (8916), 4.7 inch, 854x480, 5 MPixel, 158 gram"
"€ 176,42",HTC Desire 516 Grey,"Android, Qualcomm Snapdragon 200, 5 inch, 960x540, 5 MPixel, 160 gram"
"€ 390,82",HTC Desire Brown,"Android, Qualcomm Snapdragon S1 (QSD8250), 3.7 inch, 800x480, 5 MPixel, 135 gram"
"€ 179,30",HTC Desire C Black,"Android, 3.5 inch, 480x320, 5 MPixel, 98 gram"
"€ 424,76",HTC One Mini 2 Pink,"Android, Qualcomm Snapdragon 400 (8926), 4.5 inch, 1280x720, 13 MPixel, 136.9 gram"
"€ 424,72",HTC One Mini Black,"Android, Qualcomm Snapdragon 400 (8930), 4.3 inch, 1280x720, 4 MPixel, 122 gram"
"€ 409,74",HTC One Red,"Android, Qualcomm Snapdragon 600 (8064T), 4.7 inch, 1920x1080, 4.1 MPixel, 145 gram"
,HTC Sensation,"Android, Qualcomm Snapdragon S3 (MSM8260), 4.3 inch, 960x540, 8 MPixel, 148 gram"
,HTC Touch HD2 NL,"Windows Mobile, 4.3 inch, 800x480, 5 MPixel, 157 gram"
"€ 157,16",Huawei Ascend G525 White,"Android, 4.5 inch, 960x540, 5 MPixel, 155 gram"
"€ 111,36",Huawei Ascend Y300 Black,"Android, 4 inch, 800x480, 5 MPixel, 130 gram"
"€ 82,83",Huawei Ascend Y330 Black,"Android, 4 inch, 800x480, 3 MPixel, 126 gram"
,LG G3 16GB Purple,"Android, Qualcomm Snapdragon 801 (8974AC), 5.5 inch, 2560x1440, 13 MPixel, 149 gram"
"€ 91,36",LG L40 White,"Android, 3.5 inch, 480x320, 3 MPixel, 114 gram"
"€ 350,02",LG Nexus 5 16GB Red,"Android, Qualcomm Snapdragon 800 (8974), 5 inch, 1920x1080, 8 MPixel, 130 gram"
"€ 553,76",LG Optimus G Pro Black,"Android, 5.5 inch, 1920x1080, 13 MPixel, 172 gram"
"€ 228,69",LG Optimus L7 II Silver,"Android, Qualcomm Snapdragon S4 Play (MSM8225), 4.3 inch, 800x480, 8 MPixel, 120 gram"
"€ 115,87",Motorola Moto E Black,"Android, Qualcomm Snapdragon 200 (8210), 4.3 inch, 960x540, 5 MPixel, 142 gram"
"€ 116,31",Motorola Moto E White,"Android, Qualcomm Snapdragon 200 (8210), 4.3 inch, 960x540, 5 MPixel, 142 gram"
,Motorola Moto X Walnut,
"€ 309,82",Motorola Moto X White,"Android, 4.7 inch, 1280x720, 10 MPixel, 130 gram"
"€ 29,33",Nokia 130 Handy Red (dual sim),
"€ 70,98",Nokia 301 Black,"Symbian, 2.4 inch, 320x240, 3.2 MPixel, 100.5 gram"
"€ 71,08",Nokia 301 Blue,"2.4 inch, 320x240, 3.2 MPixel, 100.5 gram"
"€ 466,85",Nokia Lumia 1020 32GB White,"Windows Phone, 4.5 inch, 1280x720, 41 MPixel, 158 gram"
"€ 493,93",Nokia Lumia 1520 Red,"Windows Phone, Qualcomm Snapdragon 800 (8974), 6 inch, 1920x1080, 20 MPixel, 209 gram"
"€ 523,72",Nokia Lumia 1520 White,"Windows Phone, Qualcomm Snapdragon 800 (8974), 6 inch, 1920x1080, 20 MPixel, 209 gram"
"€ 150,56",Nokia Lumia 620 Black,"Windows Phone, Qualcomm Snapdragon S4 Plus (MSM8227), 3.8 inch, 800x480, 5 MPixel, 127 gram"
"€ 141,83",Nokia Lumia 630 Yellow,"Windows Phone, Qualcomm Snapdragon 400 (8226), 4.5 inch, 854x480, 5 MPixel, 134 gram"
,Nokia Lumia 720 White,"Windows Phone, Qualcomm Snapdragon S4 Plus (MSM8227), 4.3 inch, 800x480, 6.7 MPixel, 128 gram"
"€ 273,17",Nokia Lumia 735 Green,"Windows Phone, 4.7 inch, 1280x720, 6.7 MPixel, 134.3 gram"
,Nokia Lumia 800 Cyan,"Windows Phone, Qualcomm Snapdragon S2 (MSM8255), 3.7 inch, 800x480, 8 MPixel, 142.4 gram"
,Nokia Lumia 900 White,"Windows Phone, Qualcomm Snapdragon S2 (APQ8055), 4.3 inch, 800x480, 8 MPixel, 160 gram"
"€ 316,64",Nokia Lumia 925 White,"Windows Phone, Qualcomm Snapdragon S4 Plus (MSM8960), 4.5 inch, 1280x768, 8 MPixel, 140 gram"
,Samsung E1150 Silver,"1.43 inch, 72.5 gram"
"€ 184,31",Samsung Galaxy Ace 3 White,"Android, 4 inch, 800x480, 5 MPixel, 119.5 gram"
"€ 261,41",Samsung Galaxy Ace Plus S7500 Blue,"Android, Qualcomm Snapdragon S1 (MSM7227A), 3.65 inch, 480x320, 5 MPixel, 114 gram"
"€ 650,53",Samsung Galaxy Note II White,"Android, Samsung Exynos 4412, 5.5 inch, 1280x720, 8 MPixel, 180 gram"
,,
"€ 264,99",Samsung Galaxy S Advance White,"Android, 4 inch, 800x480, 5 MPixel, 120 gram"
"€ 492,17",Samsung Galaxy S II Black,"Android, Samsung Exynos 4210, 4.3 inch, 800x480, 8 MPixel, 115 gram"
"€ 162,73",Samsung Galaxy S III Mini Black,"Android, 4 inch, 800x480, 5 MPixel, 121.55 gram"
,Samsung Galaxy S Plus i9001 White,"Android, Qualcomm Snapdragon S2 (MSM8255T), 4 inch, 800x480, 5 MPixel, 117.5 gram"
"€ 520,93",Samsung Galaxy S4 Active Orange,"Android, 5 inch, 1920x1080, 8 MPixel, 153 gram"
"€ 260,16",Samsung Galaxy S4 Mini Black Leather,"Android, Qualcomm Snapdragon 400 (8930AB), 4.3 inch, 960x540, 8 MPixel, 110 gram"
"€ 80,16",Samsung Galaxy Star Black,"Android, 3 inch, 320x240, 2 MPixel, 102.5 gram"
"€ 129,11",Samsung Galaxy Trend Plus Black,"Android, 4 inch, 800x480, 5 MPixel, 118 gram"
"€ 90,62",Samsung Galaxy Young 2 Grey,"Android, 3.5 inch, 480x320, 3 MPixel, 108 gram"
"€ 100,34",Samsung Galaxy Young White,"Android, 3.27 inch, 480x320, 3 MPixel, 112 gram"
"€ 74,90",Samsung S5611 Black,"2.4 inch, 320x240, 5 MPixel, 91 gram"
,Sony Ericsson LT18I Xperia Arc S White,"Android, Qualcomm Snapdragon S2 (MSM8255T), 4.2 inch, 854x480, 8.1 MPixel, 117 gram"
,Sony Ericsson Xperia Play White,"Android, Qualcomm Snapdragon S2 (MSM8255), 4 inch, 854x480, 5.1 MPixel, 175 gram"
,Sony Ericsson Xperia Pro MK16i Silver,"Android, 3.7 inch, 854x480, 0.3 MPixel, 142 gram"
"€ 114,34",Sony Xperia E Black,"Android, Qualcomm Snapdragon S1 (MSM7227), 3.5 inch, 480x320, 3.2 MPixel, 115 gram"
"€ 108,62",Sony Xperia E1 Purple,"Android, Qualcomm Snapdragon 200 (8210), 4 inch, 800x480, 3.15 MPixel, 120 gram"
"€ 186,38",Sony Xperia J ST26i White,"Android, Qualcomm Snapdragon S1 (MSM7227A), 4 inch, 854x480, 5 MPixel, 125 gram"
"€ 106,98",Sony Xperia Tipo Black,"Android, Qualcomm Snapdragon S1 (MSM7225), 3.2 inch, 480x320, 3.2 MPixel, 99.4 gram"
"€ 460,34",Sony Xperia Z Ultra White,"Android, Qualcomm Snapdragon 800 (8974), 6.4 inch, 1920x1080, 8 MPixel, 220 gram"
"€ 407,78",Sony Xperia Z1 Compact Red,"Android, 4.3 inch, 1280x720, 20.7 MPixel, 137 gram"
"€ 106,48",Vodafone Smart 4 Turbo Black,"Android, Qualcomm Snapdragon 400, 4.5 inch, 854x480, 5 MPixel, 111 gram"
"€ 210,79",Wiko Getaway Black,"Android, 5 inch, 1280x720, 13 MPixel, 133 gram"
"€ 217,75",Wiko Getaway Gold,"Android, 5 inch, 1280x720, 13 MPixel, 133 gram"
"€ 184,77",Wiko Slide Green,"Android, 5.5 inch, 960x540, 8 MPixel, 166 gram"
,Xiaomi MI-2s 32GB,"Android, Qualcomm Snapdragon 600 (8064T), 4.3 inch, 1280x720, 13 MPixel"
"€ 229,99",Xtreamer Joy Z,"Android, Samsung Exynos 4412, 4.7 inch, 1280x720, 13 MPixel, 170 gram"
,ZTE Blade L2,
,ASUS PadFone 2 32GB White,"Android, Qualcomm Snapdragon S4 Pro (APQ8064), 4.7 inch, 1280x720, 1.2 MPixel, 135 gram"
"€ 488,03",ASUS PadFone 3 16GB Grey,"Android, 10.1 inch, 1920x1080, 13 MPixel, 145 gram"
,ASUS ZenFone 5 White,
,Acer CloudMobile S500 Black,"Android, Qualcomm Snapdragon S4 Plus (MSM8260A), 4.3 inch, 1280x720, 8 MPixel, 122 gram"
,Acer Iconia Smart S300 Black,"Android, Qualcomm Snapdragon S2 (MSM8255T), 4.8 inch, 1024x480, 8 MPixel, 185 gram"
"€ 235,36",Acer Liquid E3 Duo Plus Black,"Android, MediaTek MT6589, 4.7 inch, 13 MPixel, 135 gram"
"€ 231,66",Acer Liquid Jade White,"Android, MediaTek MT6582, 5 inch, 1280x720, 13 MPixel, 110 gram"
,Acer Liquid Mini E310 Silver,"Android, Qualcomm Snapdragon S1 (MSM7227), 3.2 inch, 480x320, 5 MPixel, 109 gram"
"€ 85,70",Acer Liquid Z200 Duo White,"Android, MediaTek MT6572, 4 inch, 800x480, 2 MPixel, 133 gram"
"€ 147,16",Acer Liquid Z500 Black,"Android, MediaTek MT6582, 5 inch, 1280x720, 8 MPixel"
"€ 190,92",Acer Liquid Z500 Plus Silver (dual sim),
"€ 56,23",Alcatel One Touch 20.00 Senior Black,
"€ 52,60",Alcatel One Touch 20.07D Dark Chocolate,
"€ 52,60",Alcatel One Touch 20.07D Grey,
,Alcatel One Touch 997D White,"Android, MediaTek MT6577, 4.3 inch, 800x480, 8 MPixel, 144 gram"
"€ 95,10",Alcatel One Touch Pop C3 4033D,"Android, 4 inch, 800x480, 3.2 MPixel, 110 gram"
"€ 168,58",Alcatel One Touch Pop C9 Black,1920x1080
"€ 149,00",Alcatel One Touch Pop S3 Lite Slate,
,Apple iPhone 4 32GB White,"iOS, 3.5 inch, 960x640, 5 MPixel, 137 gram"
,Apple iPhone 4S 64GB White,"iOS, Apple A5, 3.5 inch, 960x640, 8 MPixel, 139 gram"
"€ 828,87",Apple iPhone 5 64GB Black,"iOS, Apple A6, 4 inch, 1136x640, 8 MPixel, 112 gram"
"€ 597,05",Apple iPhone 5c 16GB Pink,"iOS, Apple A6, 4 inch, 1136x640, 8 MPixel, 132 gram"
"€ 545,67",Apple iPhone 5c 16GB White,"iOS, Apple A6, 4 inch, 1136x640, 8 MPixel, 132 gram"
,,
"€ 683,78",Apple iPhone 5c 32GB Pink,"iOS, Apple A6, 4 inch, 1136x640, 8 MPixel, 132 gram"
"€ 689,86",Apple iPhone 5s 32GB Silver,"iOS, Apple A7, 4 inch, 1136x640, 8 MPixel, 112 gram"
"€ 868,54",Apple iPhone 5s 64GB Silver,"iOS, Apple A7, 4 inch, 1136x640, 8 MPixel, 112 gram"
"€ 848,89",Apple iPhone 6 Plus 16GB Silver,"iOS, Apple A8, 5.5 inch, 1920x1080, 8 MPixel, 172 gram"
"€ 947,94",Apple iPhone 6 Plus 64GB Silver,"iOS, Apple A8, 5.5 inch, 1920x1080, 8 MPixel, 172 gram"
"€ 154,65",Archos 45 Helium 4G,"Android, 4.5 inch, 854x480, 5 MPixel, 140 gram"
"€ 61,74",Bea-fon SL320 Red,
"€ 173,53",Doro Secure 580 IUP Silver,100 gram
"€ 196,15",HTC Desire 510 White,"Android, Qualcomm Snapdragon 410 (8916), 4.7 inch, 854x480, 5 MPixel, 158 gram"
"€ 260,85",HTC Desire 601 Black,"Android, 4.5 inch, 960x540, 5 MPixel, 130 gram"
,HTC Evo 4G,"Android, Qualcomm Snapdragon S1 (QSD8650), 4.3 inch, 800x480, 8 MPixel"
"€ 594,51",HTC One M8 Grey,
"€ 325,45",HTC One Mini Silver,"Android, Qualcomm Snapdragon 400 (8930), 4.3 inch, 1280x720, 4 MPixel, 122 gram"
,HTC Wildfire S Black,"Android, Qualcomm Snapdragon S1 (MSM7227), 3.2 inch, 480x320, 5 MPixel, 105 gram"
"€ 256,91",Huawei Ascend G750 Black,"Android, 5.5 inch, 1280x720, 13 MPixel, 162 gram"
,Huawei Ascend P1 U9200 White,"Android, 4.3 inch, 960x540, 8 MPixel, 110 gram"
"€ 268,91",Huawei Ascend P7 Mini White,"Android, 4.5 inch, 960x540, 8 MPixel, 115 gram"
"€ 227,59",LG G Pro Lite Black (dual sim),"Android, MediaTek MT6577, 5.5 inch, 960x540, 8 MPixel, 161 gram"
"€ 198,36",LG G2 Mini Gold,"Android, Qualcomm Snapdragon 400 (8226), 4.7 inch, 960x540, 8 MPixel, 125 gram"
"€ 213,52",LG G2 Mini White,"Android, Qualcomm Snapdragon 400 (8226), 4.7 inch, 960x540, 8 MPixel, 125 gram"
"€ 592,61",LG G3 32GB White,"Android, Qualcomm Snapdragon 801 (8974AC), 5.5 inch, 2560x1440, 13 MPixel, 149 gram"
"€ 192,29",LG L80 White,"Android, 5 inch, 800x480, 8 MPixel, 133 gram"
"€ 92,05",LG Optimus L1 II White,"Android, Qualcomm Snapdragon S1 (MSM7225), 3 inch, 320x240, 2 MPixel, 105 gram"
,LG Optimus L7 Black,"Android, Qualcomm Snapdragon S1 (MSM7227A), 4.3 inch, 800x480, 5 MPixel, 122 gram"
"€ 29,33",Nokia 130 White (dual sim),
,Nokia 1662 Black,"1.8 inch, 82 gram"
"€ 58,09",Nokia 206 Blue,"2.4 inch, 320x240, 1.3 MPixel, 91 gram"
"€ 59,93",Nokia 206 White,"2.4 inch, 320x240, 1.3 MPixel, 91 gram"
"€ 45,28",Nokia 220 Black,"2.4 inch, 320x240, 2 MPixel, 83.6 gram"
,Nokia 301 Black (dual sim),
,Nokia 301 Blue (dual sim),"2.4 inch, 102 gram"
"€ 75,40",Nokia 301 Yellow (dual sim),"2.4 inch, 320x240, 3.2 MPixel, 102 gram"
"€ 681,50",Nokia 808 PureView Black,"Symbian, 4 inch, 640x360, 41 MPixel, 169 gram"
"€ 75,55",Nokia Asha 210 Black (BE),"2.4 inch, 320x240, 2 MPixel, 99.5 gram"
"€ 67,86",Nokia Asha 210 Cyan,"2.4 inch, 320x240, 2 MPixel, 99.5 gram"
"€ 85,45",Nokia Asha 501 Black (dual sim),"Android, 3 inch, 320x240, 3.2 MPixel, 98 gram"
"€ 85,00",Nokia Asha 501 Blue,"Android, 3 inch, 320x240, 3.2 MPixel, 98 gram"
"€ 378,06",Nokia Lumia 1020 64GB Yellow,
"€ 284,50",Nokia Lumia 1320 Orange,"Windows Phone, Qualcomm Snapdragon 400 (8930AB), 6 inch, 1280x720, 5 MPixel, 220 gram"
"€ 271,82",Nokia Lumia 1320 Yellow,"Windows Phone, Qualcomm Snapdragon 400 (8930AB), 6 inch, 1280x720, 5 MPixel, 220 gram"
"€ 540,73",Nokia Lumia 1520 Yellow,"Windows Phone, Qualcomm Snapdragon 800 (8974), 6 inch, 1920x1080, 20 MPixel, 209 gram"
"€ 98,17",Nokia Lumia 530 White,"Windows Phone, Qualcomm Snapdragon 200 (8212), 4 inch, 854x480, 5 MPixel, 129 gram"
"€ 201,38",Nokia Lumia 625 White,"Windows Phone, 4.7 inch, 800x480, 5 MPixel, 159 gram"
,Nokia Lumia 820 Black,"Windows Phone, 4.3 inch, 800x480, 8 MPixel, 160 gram"
"€ 652,18",Nokia Lumia 920 Yellow,"Windows Phone, Qualcomm Snapdragon S4 Plus (MSM8960), 4.5 inch, 1280x768, 8.7 MPixel, 186 gram"
,Nokia XL Black,"Android, Qualcomm Snapdragon S4 Play (MSM8225), 5 inch, 800x480, 5 MPixel, 190 gram"
,Oppo Find 7 Black,"Android, Qualcomm Snapdragon 801 (8974AC), 5.5 inch, 2560x1440, 13 MPixel, 173 gram"
"€ 89,95",Samsung 7330 Omnia Pro Black,"Windows Mobile, 2.62 inch, 3.2 MPixel, 107 gram"
,Samsung E1190 Ocean Blue,"1.43 inch, 71.2 gram"
,Samsung F480i TouchWiz Ice Silver,"2.8 inch, 106 gram"
,,
"€ 195,28",Samsung Galaxy Ace 4 White,"Android, 4 inch, 800x480, 5 MPixel, 130 gram"
"€ 178,89",Samsung Galaxy Core Duos Grey,"Android, 4.3 inch, 800x480, 5 MPixel, 124 gram"
"€ 97,03",Samsung Galaxy Fame Lite White,"Android, 3.5 inch, 480x320, 3 MPixel, 119.8 gram"
,Samsung Galaxy Gio Black,"Android, Qualcomm Snapdragon S1 (MSM7227), 3.2 inch, 480x320, 3 MPixel, 102 gram"
"€ 176,26",Samsung Galaxy Grand Neo Duos Black,
"€ 222,33",Samsung Galaxy Grand White,"Android, 5 inch, 800x480, 8 MPixel, 162 gram"
"€ 474,16",Samsung Galaxy K Zoom Blue,"Android, Samsung Exynos 5260, 4.8 inch, 1280x720, 20.7 MPixel, 200 gram"
"€ 446,20",Samsung Galaxy K Zoom White,"Android, Samsung Exynos 5260, 4.8 inch, 1280x720, 20.7 MPixel, 200 gram"
"€ 144,72",Samsung Galaxy S Duos 2 Black,"Android, 800x480, 5 MPixel, 118 gram"
"€ 186,69",Samsung Galaxy S III Mini Brown,"Android, 4 inch, 800x480, 5 MPixel, 111.5 gram"
"€ 156,88",Samsung Galaxy S III Mini Lite Grey,"Android, 4 inch, 800x480, 5 MPixel, 112 gram"
"€ 504,07",Samsung Galaxy S4 Black Mist,"5 inch, 1920x1080, 13 MPixel"
"€ 534,69",Samsung Galaxy S4 Blue,"Android, 5 inch, 1920x1080, 13 MPixel, 130 gram"
"€ 280,07",Samsung Galaxy S4 Mini Purple,"Android, Qualcomm Snapdragon 400 (8930AB), 4.3 inch, 960x540, 8 MPixel, 110 gram"
"€ 394,06",Samsung Galaxy S4 Value Edition Silver,"Android, 5 inch, 1920x1080, 13 MPixel, 130 gram"
"€ 568,60",Samsung Galaxy S5 Blue,"Android, Qualcomm Snapdragon 801 (8974AC), 5.1 inch, 1920x1080, 16 MPixel, 145 gram"
"€ 383,54",Samsung Galaxy S5 Mini White,"Android, Samsung Exynos 3470, 4.5 inch, 1280x720, 8 MPixel, 120 gram"
"€ 81,31",Samsung Galaxy Y S5360 Grey,"Android, Broadcom BCM21553, 3 inch, 320x240, 2 MPixel, 97 gram"
,Samsung Galaxy Young Duo Black,"Android, 3.27 inch, 640x480, 3.2 MPixel, 112 gram"
,Sony Ericsson LT18I Xperia Arc S Black,"Android, 4.2 inch, 854x480, 8.1 MPixel, 117 gram"
"€ 79,99",Sony Ericsson Mix Walkman Pink,"3 inch, 400x240, 88 gram"
"€ 115,66",Sony Xperia E1 Dual Black,"Android, Qualcomm Snapdragon 200 (8210), 4 inch, 800x480, 3.15 MPixel, 120 gram"
,Sony Xperia Go Black,"Android, ST-Ericsson NovaThor U8500, 3.5 inch, 480x320, 5 MPixel, 110 gram"
,Sony Xperia P LT22i Black,"Android, ST-Ericsson NovaThor U8500, 4.0 inch, 960x540, 8 MPixel, 122 gram"
,Sony Xperia SP Red,"Android, Qualcomm Snapdragon S4 Pro (MSM8960T), 4.6 inch, 1280x720, 8 MPixel, 155 gram"
,Sony Xperia Style T3 Purple,
"€ 325,96",Sony Xperia Style T3 White,
"€ 386,81",Sony Xperia Z1 Compact Green,"Android, 4.3 inch, 1280x720, 20.7 MPixel, 137 gram"
"€ 431,37",Sony Xperia ZR Black,"Android, Qualcomm Snapdragon S4 Pro (APQ8064), 4.55 inch, 1280x720, 13.1 MPixel, 138 gram"
"€ 441,90",Sony Xperia ZR White,"Android, Qualcomm Snapdragon S4 Pro (APQ8064), 4.55 inch, 1280x720, 13.1 MPixel, 138 gram"
"€ 140,01",Wiko Bloom Turquoise,"Android, 4.7 inch, 800x480, 5 MPixel"
"€ 180,04",Wiko Darkmoon Black,"Android, 4.7 inch, 1280x720, 8 MPixel, 110 gram"
"€ 262,21",Wiko Darkside Blue,"Android, 5.7 inch, 1280x720, 12 MPixel, 194 gram"
"€ 266,66",Wiko Darkside Silver,"Android, 5.7 inch, 1280x720, 12 MPixel, 194 gram"
"€ 334,02",Wiko Highway Purple,"Android, 5 inch, 1920x1080, 16 MPixel, 154 gram"
"€ 86,59",Wiko Sunset Black,"Android, 4 inch, 2 MPixel, 113 gram"
,Yarvik Ingenia Horizon,"Android, 5 inch, 800x480, 5 MPixel, 198 gram"
,Yarvik Ingenia Synchro,"Android, MediaTek MT6577, 4.5 inch, 960x540, 8 MPixel, 165 gram"
"€ 82,03",Yarvik SMP35-200,"Android, 3.5 inch, 480x320, 2 MPixel, 115 gram"
,ASUS PadFone 2 32GB Black,"Android, Qualcomm Snapdragon S4 Pro (APQ8064), 4.7 inch, 1280x720, 13 MPixel, 136 gram"
,ASUS ZenFone 5 Red,
"€ 99,00",Acer Liquid E1 Dual Sim Black,"Android, MediaTek MT6577, 4.5 inch, 960x540, 5 MPixel, 135 gram"
,Acer Liquid E1 White,"Android, MediaTek MT6577, 4.5 inch, 960x540, 5 MPixel, 135 gram"
,Acer Liquid E2 Black,"Android, MediaTek MT6589, 4.5 inch, 960x540, 8 MPixel, 145 gram"
"€ 175,53",Acer Liquid E3 Duo Black,"Android, 4.7 inch, 1280x720, 13 MPixel, 135 gram"
"€ 234,69",Acer Liquid E3 Duo Plus Titanium,"Android, MediaTek MT6589, 4.7 inch, 1280x720, 13 MPixel, 135 gram"
"€ 208,18",Acer Liquid E600 Plus Black,"Android, 5 inch, 854x480, 8 MPixel, 158 gram"
"€ 219,59",Acer Liquid E700 Red,"Android, MediaTek MT6582, 5 inch, 1280x720, 8 MPixel, 156 gram"
,Acer Liquid Gallant E350,"Android, 4.3 inch, 960x540, 5 MPixel, 145 gram"
"€ 251,54",Acer Liquid Jade Black,"Android, MediaTek MT6582, 5 inch, 1280x720, 13 MPixel, 110 gram"
